Student_Number,SchoolID,Course_Number,Course_Name,StoreCode,Grade,EarnedCrHrs
107806,101,ENG07,English 7,S1,B-,0
107806,101,ENG07,English 7,S2,B+,0
107806,101,MATH07,Math 7,S1,B,0
107806,101,MATH07,Math 7,S2,B,0
107806,101,SCI07,Science 7,S1,B,0
107806,101,SCI07,Science 7,S2,A-,0
107806,101,SS07,Social Studies 7,S1,C,0
107806,101,SS07,Social Studies 7,S2,B-,0
107806,101,PE07,Physical Education 7,S1,B,0
107806,101,PE07,Physical Education 7,S2,B+,0
107806,101,BAND07,Band,S1,A+,0
107806,101,BAND07,Band,S2,A+,0
120937,102,ENG11,English 11,S1,B-,0.5
120937,102,ENG11,English 11,S2,C+,0.5
120937,102,MATH11,Algebra II,S1,C+,0.5
120937,102,MATH11,Algebra II,S2,C+,0.5
120937,102,SCI11,Physics,S1,C,0.5
120937,102,SCI11,Physics,S2,B-,0.5
120937,102,SS11,U.S. History,S1,C,0.5
120937,102,SS11,U.S. History,S2,B,0.5
120937,102,HLTH11,Health,S1,C,0.5
120937,102,HLTH11,Health,S2,B,0.5
120937,102,PHOT11,Photography,S1,B-,0.5
120937,102,PHOT11,Photography,S2,D,0.5
132932,102,ENG10,English 10,S1,F,0
132932,102,ENG10,English 10,S2,D-,0.5
132932,102,MATH10,Geometry,S1,D,0.5
132932,102,MATH10,Geometry,S2,D,0.5
132932,102,SCI10,Chemistry,S1,C-,0.5
132932,102,SCI10,Chemistry,S2,F,0
132932,102,SS10,World Geography,S1,D-,0.5
132932,102,SS10,World Geography,S2,D+,0.5
132932,102,ART210,Ceramics,S1,D+,0.5
132932,102,ART210,Ceramics,S2,D,0.5
132932,102,SPAN10,Spanish II,S1,F,0
132932,102,SPAN10,Spanish II,S2,D-,0.5
133542,102,ENG10,English 10,S1,B-,0.5
133542,102,ENG10,English 10,S2,C+,0.5
133542,102,MATH10,Geometry,S1,C,0.5
133542,102,MATH10,Geometry,S2,C,0.5
133542,102,SCI10,Chemistry,S1,B,0.5
133542,102,SCI10,Chemistry,S2,C,0.5
133542,102,SS10,World Geography,S1,D,0.5
133542,102,SS10,World Geography,S2,C+,0.5
133542,102,ORCH10,Orchestra,S1,C,0.5
133542,102,ORCH10,Orchestra,S2,C+,0.5
133542,102,PHOT10,Photography,S1,D+,0.5
133542,102,PHOT10,Photography,S2,C-,0.5
106726,102,ENG12,English 12,S1,B,0.5
106726,102,ENG12,English 12,S2,B,0.5
106726,102,MATH12,Pre-Calculus,S1,B+,0.5
106726,102,MATH12,Pre-Calculus,S2,B,0.5
106726,102,SCI12,Environmental Science,S1,B,0.5
106726,102,SCI12,Environmental Science,S2,B,0.5
106726,102,SS12,Government & Economics,S1,A,0.5
106726,102,SS12,Government & Economics,S2,B,0.5
106726,102,ART212,Ceramics,S1,B,0.5
106726,102,ART212,Ceramics,S2,B,0.5
106726,102,SPAN12,Spanish II,S1,C+,0.5
106726,102,SPAN12,Spanish II,S2,B-,0.5
114633,102,ENG11,English 11,S1,A-,0.5
114633,102,ENG11,English 11,S2,B-,0.5
114633,102,MATH11,Algebra II,S1,B-,0.5
114633,102,MATH11,Algebra II,S2,B-,0.5
114633,102,SCI11,Physics,S1,B-,0.5
114633,102,SCI11,Physics,S2,C-,0.5
114633,102,SS11,U.S. History,S1,B+,0.5
114633,102,SS11,U.S. History,S2,B,0.5
114633,102,CS11,Intro to Computer Science,S1,B-,0.5
114633,102,CS11,Intro to Computer Science,S2,C+,0.5
114633,102,ORCH11,Orchestra,S1,B-,0.5
114633,102,ORCH11,Orchestra,S2,C-,0.5
139389,102,ENG10,English 10,S1,B,0.5
139389,102,ENG10,English 10,S2,C,0.5
139389,102,MATH10,Geometry,S1,C-,0.5
139389,102,MATH10,Geometry,S2,C,0.5
139389,102,SCI10,Chemistry,S1,D+,0.5
139389,102,SCI10,Chemistry,S2,D,0.5
139389,102,SS10,World Geography,S1,D,0.5
139389,102,SS10,World Geography,S2,D+,0.5
139389,102,PHOT10,Photography,S1,B-,0.5
139389,102,PHOT10,Photography,S2,B-,0.5
139389,102,SPAN10,Spanish II,S1,C,0.5
139389,102,SPAN10,Spanish II,S2,,
136474,101,ENG06,English 6,S1,B+,0
136474,101,ENG06,English 6,S2,B-,0
136474,101,MATH06,Math 6,S1,A+,0
136474,101,MATH06,Math 6,S2,B-,0
136474,101,SCI06,Science 6,S1,A,0
136474,101,SCI06,Science 6,S2,A-,0
136474,101,SS06,Social Studies 6,S1,A-,0
136474,101,SS06,Social Studies 6,S2,B,0
136474,101,PE06,Physical Education 6,S1,C+,0
136474,101,PE06,Physical Education 6,S2,B,0
136474,101,SPAN06,Spanish I,S1,A-,0
136474,101,SPAN06,Spanish I,S2,B,0
127565,102,ENG11,English 11,S1,B+,0.5
127565,102,ENG11,English 11,S2,B-,0.5
127565,102,MATH11,Algebra II,S1,A-,0.5
127565,102,MATH11,Algebra II,S2,C+,0.5
127565,102,SCI11,Physics,S1,B-,0.5
127565,102,SCI11,Physics,S2,A+,0.5
127565,102,SS11,U.S. History,S1,B,0.5
127565,102,SS11,U.S. History,S2,B+,0.5
127565,102,ART211,Ceramics,S1,A,0.5
127565,102,ART211,Ceramics,S2,B,0.5
127565,102,ORCH11,Orchestra,S1,B+,0.5
127565,102,ORCH11,Orchestra,S2,C+,0.5
137523,102,ENG09,English 9,S1,B,0.5
137523,102,ENG09,English 9,S2,B+,0.5
137523,102,MATH09,Algebra I,S1,C,0.5
137523,102,MATH09,Algebra I,S2,B,0.5
137523,102,SCI09,Biology,S1,B-,0.5
137523,102,SCI09,Biology,S2,A+,0.5
137523,102,SS09,World History,S1,A-,0.5
137523,102,SS09,World History,S2,B,0.5
137523,102,SPAN09,Spanish II,S1,A-,0.5
137523,102,SPAN09,Spanish II,S2,B,0.5
137523,102,CS09,Intro to Computer Science,S1,C+,0.5
137523,102,CS09,Intro to Computer Science,S2,A-,0.5
135901,101,ENG06,English 6,S1,D,0
135901,101,ENG06,English 6,S2,D-,0
135901,101,MATH06,Math 6,S1,C,0
135901,101,MATH06,Math 6,S2,D-,0
135901,101,SCI06,Science 6,S1,C,0
135901,101,SCI06,Science 6,S2,D+,0
135901,101,SS06,Social Studies 6,S1,C,0
135901,101,SS06,Social Studies 6,S2,C-,0
135901,101,PE06,Physical Education 6,S1,C+,0
135901,101,PE06,Physical Education 6,S2,D+,0
135901,101,BAND06,Band,S1,C,0
135901,101,BAND06,Band,S2,D+,0
132171,102,ENG12,English 12,S1,B-,0.5
132171,102,ENG12,English 12,S2,C+,0.5
132171,102,MATH12,Pre-Calculus,S1,D+,0.5
132171,102,MATH12,Pre-Calculus,S2,D+,0.5
132171,102,SCI12,Environmental Science,S1,D+,0.5
132171,102,SCI12,Environmental Science,S2,C,0.5
132171,102,SS12,Government & Economics,S1,C-,0.5
132171,102,SS12,Government & Economics,S2,C,0.5
132171,102,ORCH12,Orchestra,S1,C,0.5
132171,102,ORCH12,Orchestra,S2,D-,0.5
132171,102,CS12,Intro to Computer Science,S1,D+,0.5
132171,102,CS12,Intro to Computer Science,S2,C-,0.5
138438,102,ENG10,English 10,S1,B-,0.5
138438,102,ENG10,English 10,S2,C+,0.5
138438,102,MATH10,Geometry,S1,D,0.5
138438,102,MATH10,Geometry,S2,C+,0.5
138438,102,SCI10,Chemistry,S1,C,0.5
138438,102,SCI10,Chemistry,S2,C,0.5
138438,102,SS10,World Geography,S1,C+,0.5
138438,102,SS10,World Geography,S2,B,0.5
138438,102,ART210,Ceramics,S1,C+,0.5
138438,102,ART210,Ceramics,S2,B,0.5
138438,102,CS10,Intro to Computer Science,S1,C+,0.5
138438,102,CS10,Intro to Computer Science,S2,C-,0.5
128907,101,ENG08,English 8,S1,A+,0
128907,101,ENG08,English 8,S2,B,0
128907,101,MATH08,Math 8,S1,A-,0
128907,101,MATH08,Math 8,S2,C+,0
128907,101,SCI08,Science 8,S1,B,0
128907,101,SCI08,Science 8,S2,A-,0
128907,101,SS08,Social Studies 8,S1,B,0
128907,101,SS08,Social Studies 8,S2,B-,0
128907,101,PE08,Physical Education 8,S1,A-,0
128907,101,PE08,Physical Education 8,S2,B+,0
128907,101,ART08,Art,S1,B+,0
128907,101,ART08,Art,S2,B,0
115724,102,ENG12,English 12,S1,A,0.5
115724,102,ENG12,English 12,S2,A,0.5
115724,102,MATH12,Pre-Calculus,S1,A,0.5
115724,102,MATH12,Pre-Calculus,S2,A,0.5
115724,102,SCI12,Environmental Science,S1,A+,0.5
115724,102,SCI12,Environmental Science,S2,A+,0.5
115724,102,SS12,Government & Economics,S1,A-,0.5
115724,102,SS12,Government & Economics,S2,B,0.5
115724,102,HLTH12,Health,S1,A,0.5
115724,102,HLTH12,Health,S2,A-,0.5
115724,102,PHOT12,Photography,S1,B+,0.5
115724,102,PHOT12,Photography,S2,A-,0.5
100166,102,ENG09,English 9,S1,A-,0.5
100166,102,ENG09,English 9,S2,B,0.5
100166,102,MATH09,Algebra I,S1,B,0.5
100166,102,MATH09,Algebra I,S2,A-,0.5
100166,102,SCI09,Biology,S1,B+,0.5
100166,102,SCI09,Biology,S2,B-,0.5
100166,102,SS09,World History,S1,A+,0.5
100166,102,SS09,World History,S2,B+,0.5
100166,102,CS09,Intro to Computer Science,S1,A+,0.5
100166,102,CS09,Intro to Computer Science,S2,C,0.5
100166,102,SPAN09,Spanish II,S1,A+,0.5
100166,102,SPAN09,Spanish II,S2,B-,0.5
105290,102,ENG12,English 12,S1,A-,0.5
105290,102,ENG12,English 12,S2,A-,0.5
105290,102,MATH12,Pre-Calculus,S1,A+,0.5
105290,102,MATH12,Pre-Calculus,S2,B-,0.5
105290,102,SCI12,Environmental Science,S1,A+,0.5
105290,102,SCI12,Environmental Science,S2,A,0.5
105290,102,SS12,Government & Economics,S1,B,0.5
105290,102,SS12,Government & Economics,S2,B+,0.5
105290,102,CS12,Intro to Computer Science,S1,A-,0.5
105290,102,CS12,Intro to Computer Science,S2,A,0.5
105290,102,ORCH12,Orchestra,S1,A+,0.5
105290,102,ORCH12,Orchestra,S2,A+,0.5
107257,102,ENG11,English 11,S1,A-,0.5
107257,102,ENG11,English 11,S2,B,0.5
107257,102,MATH11,Algebra II,S1,A+,0.5
107257,102,MATH11,Algebra II,S2,B,0.5
107257,102,SCI11,Physics,S1,B,0.5
107257,102,SCI11,Physics,S2,B+,0.5
107257,102,SS11,U.S. History,S1,B-,0.5
107257,102,SS11,U.S. History,S2,A+,0.5
107257,102,PHOT11,Photography,S1,B,0.5
107257,102,PHOT11,Photography,S2,A-,0.5
107257,102,ART211,Ceramics,S1,A+,0.5
107257,102,ART211,Ceramics,S2,A-,0.5
118824,101,ENG07,English 7,S1,D+,0
118824,101,ENG07,English 7,S2,D+,0
118824,101,MATH07,Math 7,S1,D,0
118824,101,MATH07,Math 7,S2,C-,0
118824,101,SCI07,Science 7,S1,F,0
118824,101,SCI07,Science 7,S2,D+,0
118824,101,SS07,Social Studies 7,S1,C-,0
118824,101,SS07,Social Studies 7,S2,D+,0
118824,101,PE07,Physical Education 7,S1,C-,0
118824,101,PE07,Physical Education 7,S2,D,0
118824,101,SPAN07,Spanish I,S1,C+,0
118824,101,SPAN07,Spanish I,S2,D+,0
106425,102,ENG12,English 12,S1,D-,0.5
106425,102,ENG12,English 12,S2,C+,0.5
106425,102,MATH12,Pre-Calculus,S1,D,0.5
106425,102,MATH12,Pre-Calculus,S2,D+,0.5
106425,102,SCI12,Environmental Science,S1,C-,0.5
106425,102,SCI12,Environmental Science,S2,D+,0.5
106425,102,SS12,Government & Economics,S1,C,0.5
106425,102,SS12,Government & Economics,S2,F,0
106425,102,HLTH12,Health,S1,D+,0.5
106425,102,HLTH12,Health,S2,F,0
106425,102,CS12,Intro to Computer Science,S1,D,0.5
106425,102,CS12,Intro to Computer Science,S2,C+,0.5
129468,102,ENG11,English 11,S1,C,0.5
129468,102,ENG11,English 11,S2,B,0.5
129468,102,MATH11,Algebra II,S1,C,0.5
129468,102,MATH11,Algebra II,S2,C,0.5
129468,102,SCI11,Physics,S1,B-,0.5
129468,102,SCI11,Physics,S2,C-,0.5
129468,102,SS11,U.S. History,S1,B,0.5
129468,102,SS11,U.S. History,S2,B-,0.5
129468,102,CS11,Intro to Computer Science,S1,D+,0.5
129468,102,CS11,Intro to Computer Science,S2,C,0.5
129468,102,ORCH11,Orchestra,S1,C-,0.5
129468,102,ORCH11,Orchestra,S2,D+,0.5
100752,102,ENG12,English 12,S1,B+,0.5
100752,102,ENG12,English 12,S2,B-,0.5
100752,102,MATH12,Pre-Calculus,S1,C-,0.5
100752,102,MATH12,Pre-Calculus,S2,D,0.5
100752,102,SCI12,Environmental Science,S1,A-,0.5
100752,102,SCI12,Environmental Science,S2,C-,0.5
100752,102,SS12,Government & Economics,S1,C,0.5
100752,102,SS12,Government & Economics,S2,C,0.5
100752,102,ART212,Ceramics,S1,C+,0.5
100752,102,ART212,Ceramics,S2,C,0.5
100752,102,PHOT12,Photography,S1,C+,0.5
100752,102,PHOT12,Photography,S2,C,0.5
132131,101,ENG08,English 8,S1,C,0
132131,101,ENG08,English 8,S2,C-,0
132131,101,MATH08,Math 8,S1,B-,0
132131,101,MATH08,Math 8,S2,B-,0
132131,101,SCI08,Science 8,S1,C+,0
132131,101,SCI08,Science 8,S2,C,0
132131,101,SS08,Social Studies 8,S1,C,0
132131,101,SS08,Social Studies 8,S2,C,0
132131,101,PE08,Physical Education 8,S1,C,0
132131,101,PE08,Physical Education 8,S2,D+,0
132131,101,SPAN08,Spanish I,S1,D+,0
132131,101,SPAN08,Spanish I,S2,C+,0
120593,102,ENG09,English 9,S1,B+,0.5
120593,102,ENG09,English 9,S2,B,0.5
120593,102,MATH09,Algebra I,S1,B,0.5
120593,102,MATH09,Algebra I,S2,B,0.5
120593,102,SCI09,Biology,S1,A-,0.5
120593,102,SCI09,Biology,S2,A+,0.5
120593,102,SS09,World History,S1,A,0.5
120593,102,SS09,World History,S2,A-,0.5
120593,102,HLTH09,Health,S1,B,0.5
120593,102,HLTH09,Health,S2,B+,0.5
120593,102,PHOT09,Photography,S1,B,0.5
120593,102,PHOT09,Photography,S2,B-,0.5
113777,102,ENG12,English 12,S1,C-,0.5
113777,102,ENG12,English 12,S2,B,0.5
113777,102,MATH12,Pre-Calculus,S1,B,0.5
113777,102,MATH12,Pre-Calculus,S2,B-,0.5
113777,102,SCI12,Environmental Science,S1,B,0.5
113777,102,SCI12,Environmental Science,S2,B-,0.5
113777,102,SS12,Government & Economics,S1,B-,0.5
113777,102,SS12,Government & Economics,S2,C,0.5
113777,102,PHOT12,Photography,S1,C+,0.5
113777,102,PHOT12,Photography,S2,B-,0.5
113777,102,ORCH12,Orchestra,S1,B-,0.5
113777,102,ORCH12,Orchestra,S2,B-,0.5
126032,101,ENG08,English 8,S1,C-,0
126032,101,ENG08,English 8,S2,W,0
126032,101,MATH08,Math 8,S1,C-,0
126032,101,MATH08,Math 8,S2,W,0
126032,101,SCI08,Science 8,S1,C+,0
126032,101,SCI08,Science 8,S2,W,0
126032,101,SS08,Social Studies 8,S1,C,0
126032,101,SS08,Social Studies 8,S2,W,0
126032,101,PE08,Physical Education 8,S1,C,0
126032,101,PE08,Physical Education 8,S2,W,0
126032,101,SPAN08,Spanish I,S1,C,0
126032,101,SPAN08,Spanish I,S2,W,0
116483,101,ENG06,English 6,S1,C,0
116483,101,ENG06,English 6,S2,C+,0
116483,101,MATH06,Math 6,S1,B,0
116483,101,MATH06,Math 6,S2,C,0
116483,101,SCI06,Science 6,S1,C+,0
116483,101,SCI06,Science 6,S2,B,0
116483,101,SS06,Social Studies 6,S1,B,0
116483,101,SS06,Social Studies 6,S2,B-,0
116483,101,PE06,Physical Education 6,S1,B+,0
116483,101,PE06,Physical Education 6,S2,C,0
116483,101,ART06,Art,S1,C,0
116483,101,ART06,Art,S2,B,0
122784,102,ENG09,English 9,S1,A,0.5
122784,102,ENG09,English 9,S2,B+,0.5
122784,102,MATH09,Algebra I,S1,A,0.5
122784,102,MATH09,Algebra I,S2,A,0.5
122784,102,SCI09,Biology,S1,B,0.5
122784,102,SCI09,Biology,S2,A-,0.5
122784,102,SS09,World History,S1,A+,0.5
122784,102,SS09,World History,S2,A-,0.5
122784,102,HLTH09,Health,S1,B+,0.5
122784,102,HLTH09,Health,S2,A,0.5
122784,102,ORCH09,Orchestra,S1,A,0.5
122784,102,ORCH09,Orchestra,S2,C,0.5
123372,101,ENG07,English 7,S1,C-,0
123372,101,ENG07,English 7,S2,B-,0
123372,101,MATH07,Math 7,S1,B,0
123372,101,MATH07,Math 7,S2,C+,0
123372,101,SCI07,Science 7,S1,B+,0
123372,101,SCI07,Science 7,S2,B+,0
123372,101,SS07,Social Studies 7,S1,C+,0
123372,101,SS07,Social Studies 7,S2,B+,0
123372,101,PE07,Physical Education 7,S1,B-,0
123372,101,PE07,Physical Education 7,S2,B+,0
123372,101,ART07,Art,S1,B-,0
123372,101,ART07,Art,S2,C,0
124664,101,ENG07,English 7,S1,C,0
124664,101,ENG07,English 7,S2,D+,0
124664,101,MATH07,Math 7,S1,C,0
124664,101,MATH07,Math 7,S2,C-,0
124664,101,SCI07,Science 7,S1,D-,0
124664,101,SCI07,Science 7,S2,C+,0
124664,101,SS07,Social Studies 7,S1,D,0
124664,101,SS07,Social Studies 7,S2,,
124664,101,PE07,Physical Education 7,S1,D,0
124664,101,PE07,Physical Education 7,S2,C,0
124664,101,ART07,Art,S1,C+,0
124664,101,ART07,Art,S2,D-,0
133658,101,ENG08,English 8,S1,B-,0
133658,101,ENG08,English 8,S2,B+,0
133658,101,MATH08,Math 8,S1,C,0
133658,101,MATH08,Math 8,S2,A,0
133658,101,SCI08,Science 8,S1,B,0
133658,101,SCI08,Science 8,S2,A+,0
133658,101,SS08,Social Studies 8,S1,B,0
133658,101,SS08,Social Studies 8,S2,B,0
133658,101,PE08,Physical Education 8,S1,C,0
133658,101,PE08,Physical Education 8,S2,C+,0
133658,101,SPAN08,Spanish I,S1,B,0
133658,101,SPAN08,Spanish I,S2,C-,0
105001,102,ENG09,English 9,S1,A-,0.5
105001,102,ENG09,English 9,S2,A+,0.5
105001,102,MATH09,Algebra I,S1,B,0.5
105001,102,MATH09,Algebra I,S2,B+,0.5
105001,102,SCI09,Biology,S1,B+,0.5
105001,102,SCI09,Biology,S2,B-,0.5
105001,102,SS09,World History,S1,A,0.5
105001,102,SS09,World History,S2,A,0.5
105001,102,ORCH09,Orchestra,S1,B+,0.5
105001,102,ORCH09,Orchestra,S2,C+,0.5
105001,102,PHOT09,Photography,S1,B,0.5
105001,102,PHOT09,Photography,S2,B,0.5
122308,101,ENG08,English 8,S1,D+,0
122308,101,ENG08,English 8,S2,C,0
122308,101,MATH08,Math 8,S1,F,0
122308,101,MATH08,Math 8,S2,D-,0
122308,101,SCI08,Science 8,S1,D,0
122308,101,SCI08,Science 8,S2,D,0
122308,101,SS08,Social Studies 8,S1,C+,0
122308,101,SS08,Social Studies 8,S2,F,0
122308,101,PE08,Physical Education 8,S1,F,0
122308,101,PE08,Physical Education 8,S2,C-,0
122308,101,SPAN08,Spanish I,S1,C,0
122308,101,SPAN08,Spanish I,S2,D,0
105876,102,ENG12,English 12,S1,B,0.5
105876,102,ENG12,English 12,S2,B,0.5
105876,102,MATH12,Pre-Calculus,S1,B,0.5
105876,102,MATH12,Pre-Calculus,S2,C,0.5
105876,102,SCI12,Environmental Science,S1,B,0.5
105876,102,SCI12,Environmental Science,S2,B-,0.5
105876,102,SS12,Government & Economics,S1,C,0.5
105876,102,SS12,Government & Economics,S2,A,0.5
105876,102,CS12,Intro to Computer Science,S1,B,0.5
105876,102,CS12,Intro to Computer Science,S2,A+,0.5
105876,102,HLTH12,Health,S1,B-,0.5
105876,102,HLTH12,Health,S2,A,0.5
136533,101,ENG07,English 7,S1,B,0
136533,101,ENG07,English 7,S2,A-,0
136533,101,MATH07,Math 7,S1,B-,0
136533,101,MATH07,Math 7,S2,C+,0
136533,101,SCI07,Science 7,S1,C,0
136533,101,SCI07,Science 7,S2,D+,0
136533,101,SS07,Social Studies 7,S1,B+,0
136533,101,SS07,Social Studies 7,S2,C+,0
136533,101,PE07,Physical Education 7,S1,D,0
136533,101,PE07,Physical Education 7,S2,C,0
136533,101,BAND07,Band,S1,B,0
136533,101,BAND07,Band,S2,B,0
135262,102,ENG09,English 9,S1,C,0.5
135262,102,ENG09,English 9,S2,,
135262,102,MATH09,Algebra I,S1,B-,0.5
135262,102,MATH09,Algebra I,S2,C,0.5
135262,102,SCI09,Biology,S1,C+,0.5
135262,102,SCI09,Biology,S2,C-,0.5
135262,102,SS09,World History,S1,D+,0.5
135262,102,SS09,World History,S2,C-,0.5
135262,102,PHOT09,Photography,S1,C,0.5
135262,102,PHOT09,Photography,S2,C,0.5
135262,102,HLTH09,Health,S1,B-,0.5
135262,102,HLTH09,Health,S2,C,0.5
119144,102,ENG12,English 12,S1,B-,0.5
119144,102,ENG12,English 12,S2,B+,0.5
119144,102,MATH12,Pre-Calculus,S1,B+,0.5
119144,102,MATH12,Pre-Calculus,S2,A,0.5
119144,102,SCI12,Environmental Science,S1,A-,0.5
119144,102,SCI12,Environmental Science,S2,B,0.5
119144,102,SS12,Government & Economics,S1,B,0.5
119144,102,SS12,Government & Economics,S2,B,0.5
119144,102,CS12,Intro to Computer Science,S1,A-,0.5
119144,102,CS12,Intro to Computer Science,S2,B+,0.5
119144,102,ART212,Ceramics,S1,B+,0.5
119144,102,ART212,Ceramics,S2,B,0.5
118848,101,ENG08,English 8,S1,A,0
118848,101,ENG08,English 8,S2,B,0
118848,101,MATH08,Math 8,S1,A-,0
118848,101,MATH08,Math 8,S2,A-,0
118848,101,SCI08,Science 8,S1,B,0
118848,101,SCI08,Science 8,S2,B,0
118848,101,SS08,Social Studies 8,S1,B-,0
118848,101,SS08,Social Studies 8,S2,B,0
118848,101,PE08,Physical Education 8,S1,B+,0
118848,101,PE08,Physical Education 8,S2,A-,0
118848,101,BAND08,Band,S1,A-,0
118848,101,BAND08,Band,S2,B+,0
129979,102,ENG10,English 10,S1,B,0.5
129979,102,ENG10,English 10,S2,B,0.5
129979,102,MATH10,Geometry,S1,B-,0.5
129979,102,MATH10,Geometry,S2,C+,0.5
129979,102,SCI10,Chemistry,S1,B-,0.5
129979,102,SCI10,Chemistry,S2,B,0.5
129979,102,SS10,World Geography,S1,B-,0.5
129979,102,SS10,World Geography,S2,B+,0.5
129979,102,SPAN10,Spanish II,S1,C+,0.5
129979,102,SPAN10,Spanish II,S2,A,0.5
129979,102,ART210,Ceramics,S1,B,0.5
129979,102,ART210,Ceramics,S2,A+,0.5
109233,102,ENG09,English 9,S1,A,0.5
109233,102,ENG09,English 9,S2,A,0.5
109233,102,MATH09,Algebra I,S1,A,0.5
109233,102,MATH09,Algebra I,S2,B+,0.5
109233,102,SCI09,Biology,S1,A,0.5
109233,102,SCI09,Biology,S2,B,0.5
109233,102,SS09,World History,S1,A,0.5
109233,102,SS09,World History,S2,B+,0.5
109233,102,HLTH09,Health,S1,C,0.5
109233,102,HLTH09,Health,S2,B-,0.5
109233,102,SPAN09,Spanish II,S1,B-,0.5
109233,102,SPAN09,Spanish II,S2,B+,0.5
137842,102,ENG11,English 11,S1,A,0.5
137842,102,ENG11,English 11,S2,A-,0.5
137842,102,MATH11,Algebra II,S1,B+,0.5
137842,102,MATH11,Algebra II,S2,B+,0.5
137842,102,SCI11,Physics,S1,B+,0.5
137842,102,SCI11,Physics,S2,B-,0.5
137842,102,SS11,U.S. History,S1,B+,0.5
137842,102,SS11,U.S. History,S2,C+,0.5
137842,102,PHOT11,Photography,S1,B-,0.5
137842,102,PHOT11,Photography,S2,B-,0.5
137842,102,ART211,Ceramics,S1,B-,0.5
137842,102,ART211,Ceramics,S2,C,0.5
120250,101,ENG08,English 8,S1,C,0
120250,101,ENG08,English 8,S2,C-,0
120250,101,MATH08,Math 8,S1,D-,0
120250,101,MATH08,Math 8,S2,D+,0
120250,101,SCI08,Science 8,S1,D+,0
120250,101,SCI08,Science 8,S2,C,0
120250,101,SS08,Social Studies 8,S1,D,0
120250,101,SS08,Social Studies 8,S2,C,0
120250,101,PE08,Physical Education 8,S1,C-,0
120250,101,PE08,Physical Education 8,S2,D+,0
120250,101,BAND08,Band,S1,D,0
120250,101,BAND08,Band,S2,C-,0
101621,101,ENG06,English 6,S1,C+,0
101621,101,ENG06,English 6,S2,A-,0
101621,101,MATH06,Math 6,S1,B-,0
101621,101,MATH06,Math 6,S2,C,0
101621,101,SCI06,Science 6,S1,C+,0
101621,101,SCI06,Science 6,S2,D+,0
101621,101,SS06,Social Studies 6,S1,C+,0
101621,101,SS06,Social Studies 6,S2,B-,0
101621,101,PE06,Physical Education 6,S1,C-,0
101621,101,PE06,Physical Education 6,S2,C,0
101621,101,ART06,Art,S1,C+,0
101621,101,ART06,Art,S2,C,0
124172,101,ENG07,English 7,S1,B-,0
124172,101,ENG07,English 7,S2,C+,0
124172,101,MATH07,Math 7,S1,D,0
124172,101,MATH07,Math 7,S2,B-,0
124172,101,SCI07,Science 7,S1,B-,0
124172,101,SCI07,Science 7,S2,C,0
124172,101,SS07,Social Studies 7,S1,C,0
124172,101,SS07,Social Studies 7,S2,B-,0
124172,101,PE07,Physical Education 7,S1,B-,0
124172,101,PE07,Physical Education 7,S2,B,0
124172,101,SPAN07,Spanish I,S1,C,0
124172,101,SPAN07,Spanish I,S2,C-,0
123825,101,ENG06,English 6,S1,C,0
123825,101,ENG06,English 6,S2,C+,0
123825,101,MATH06,Math 6,S1,B+,0
123825,101,MATH06,Math 6,S2,B-,0
123825,101,SCI06,Science 6,S1,C,0
123825,101,SCI06,Science 6,S2,B,0
123825,101,SS06,Social Studies 6,S1,B+,0
123825,101,SS06,Social Studies 6,S2,B+,0
123825,101,PE06,Physical Education 6,S1,B+,0
123825,101,PE06,Physical Education 6,S2,B,0
123825,101,ART06,Art,S1,C+,0
123825,101,ART06,Art,S2,B,0
130216,101,ENG07,English 7,S1,C,0
130216,101,ENG07,English 7,S2,C-,0
130216,101,MATH07,Math 7,S1,C+,0
130216,101,MATH07,Math 7,S2,C+,0
130216,101,SCI07,Science 7,S1,B-,0
130216,101,SCI07,Science 7,S2,C-,0
130216,101,SS07,Social Studies 7,S1,C-,0
130216,101,SS07,Social Studies 7,S2,C+,0
130216,101,PE07,Physical Education 7,S1,D-,0
130216,101,PE07,Physical Education 7,S2,C,0
130216,101,SPAN07,Spanish I,S1,D,0
130216,101,SPAN07,Spanish I,S2,C,0
127670,102,ENG10,English 10,S1,C-,0.5
127670,102,ENG10,English 10,S2,D+,0.5
127670,102,MATH10,Geometry,S1,B+,0.5
127670,102,MATH10,Geometry,S2,C-,0.5
127670,102,SCI10,Chemistry,S1,C,0.5
127670,102,SCI10,Chemistry,S2,B+,0.5
127670,102,SS10,World Geography,S1,C-,0.5
127670,102,SS10,World Geography,S2,C+,0.5
127670,102,HLTH10,Health,S1,C,0.5
127670,102,HLTH10,Health,S2,C+,0.5
127670,102,PHOT10,Photography,S1,B-,0.5
127670,102,PHOT10,Photography,S2,C-,0.5
105943,101,ENG08,English 8,S1,B,0
105943,101,ENG08,English 8,S2,B,0
105943,101,MATH08,Math 8,S1,A,0
105943,101,MATH08,Math 8,S2,B+,0
105943,101,SCI08,Science 8,S1,A-,0
105943,101,SCI08,Science 8,S2,C+,0
105943,101,SS08,Social Studies 8,S1,B-,0
105943,101,SS08,Social Studies 8,S2,A,0
105943,101,PE08,Physical Education 8,S1,A+,0
105943,101,PE08,Physical Education 8,S2,B,0
105943,101,SPAN08,Spanish I,S1,C+,0
105943,101,SPAN08,Spanish I,S2,B+,0
126134,101,ENG07,English 7,S1,C+,0
126134,101,ENG07,English 7,S2,A,0
126134,101,MATH07,Math 7,S1,B,0
126134,101,MATH07,Math 7,S2,B-,0
126134,101,SCI07,Science 7,S1,C+,0
126134,101,SCI07,Science 7,S2,B,0
126134,101,SS07,Social Studies 7,S1,B-,0
126134,101,SS07,Social Studies 7,S2,B+,0
126134,101,PE07,Physical Education 7,S1,A-,0
126134,101,PE07,Physical Education 7,S2,B-,0
126134,101,BAND07,Band,S1,B-,0
126134,101,BAND07,Band,S2,B,0
138385,101,ENG07,English 7,S1,W,0
138385,101,ENG07,English 7,S2,W,0
138385,101,MATH07,Math 7,S1,W,0
138385,101,MATH07,Math 7,S2,W,0
138385,101,SCI07,Science 7,S1,W,0
138385,101,SCI07,Science 7,S2,W,0
138385,101,SS07,Social Studies 7,S1,W,0
138385,101,SS07,Social Studies 7,S2,W,0
138385,101,PE07,Physical Education 7,S1,W,0
138385,101,PE07,Physical Education 7,S2,W,0
138385,101,SPAN07,Spanish I,S1,W,0
138385,101,SPAN07,Spanish I,S2,W,0
136336,102,ENG11,English 11,S1,C+,0.5
136336,102,ENG11,English 11,S2,A+,0.5
136336,102,MATH11,Algebra II,S1,C+,0.5
136336,102,MATH11,Algebra II,S2,B+,0.5
136336,102,SCI11,Physics,S1,A-,0.5
136336,102,SCI11,Physics,S2,D+,0.5
136336,102,SS11,U.S. History,S1,C-,0.5
136336,102,SS11,U.S. History,S2,B,0.5
136336,102,SPAN11,Spanish II,S1,B-,0.5
136336,102,SPAN11,Spanish II,S2,C+,0.5
136336,102,CS11,Intro to Computer Science,S1,B-,0.5
136336,102,CS11,Intro to Computer Science,S2,A-,0.5
132666,101,ENG06,English 6,S1,B+,0
132666,101,ENG06,English 6,S2,B+,0
132666,101,MATH06,Math 6,S1,B,0
132666,101,MATH06,Math 6,S2,B,0
132666,101,SCI06,Science 6,S1,B,0
132666,101,SCI06,Science 6,S2,B,0
132666,101,SS06,Social Studies 6,S1,B+,0
132666,101,SS06,Social Studies 6,S2,B+,0
132666,101,PE06,Physical Education 6,S1,B,0
132666,101,PE06,Physical Education 6,S2,C+,0
132666,101,ART06,Art,S1,B+,0
132666,101,ART06,Art,S2,A+,0
107631,101,ENG08,English 8,S1,B-,0
107631,101,ENG08,English 8,S2,A+,0
107631,101,MATH08,Math 8,S1,A,0
107631,101,MATH08,Math 8,S2,A+,0
107631,101,SCI08,Science 8,S1,B-,0
107631,101,SCI08,Science 8,S2,A+,0
107631,101,SS08,Social Studies 8,S1,A,0
107631,101,SS08,Social Studies 8,S2,A,0
107631,101,PE08,Physical Education 8,S1,B+,0
107631,101,PE08,Physical Education 8,S2,A,0
107631,101,ART08,Art,S1,A-,0
107631,101,ART08,Art,S2,B+,0
127881,102,ENG11,English 11,S1,B,0.5
127881,102,ENG11,English 11,S2,C,0.5
127881,102,MATH11,Algebra II,S1,B,0.5
127881,102,MATH11,Algebra II,S2,C+,0.5
127881,102,SCI11,Physics,S1,C-,0.5
127881,102,SCI11,Physics,S2,C,0.5
127881,102,SS11,U.S. History,S1,C+,0.5
127881,102,SS11,U.S. History,S2,B-,0.5
127881,102,ART211,Ceramics,S1,C-,0.5
127881,102,ART211,Ceramics,S2,B-,0.5
127881,102,ORCH11,Orchestra,S1,C+,0.5
127881,102,ORCH11,Orchestra,S2,B+,0.5
133184,101,ENG07,English 7,S1,B-,0
133184,101,ENG07,English 7,S2,B+,0
133184,101,MATH07,Math 7,S1,C,0
133184,101,MATH07,Math 7,S2,C,0
133184,101,SCI07,Science 7,S1,C+,0
133184,101,SCI07,Science 7,S2,C,0
133184,101,SS07,Social Studies 7,S1,C,0
133184,101,SS07,Social Studies 7,S2,C-,0
133184,101,PE07,Physical Education 7,S1,C,0
133184,101,PE07,Physical Education 7,S2,B,0
133184,101,SPAN07,Spanish I,S1,B,0
133184,101,SPAN07,Spanish I,S2,C,0
139332,102,ENG10,English 10,S1,A,0.5
139332,102,ENG10,English 10,S2,A,0.5
139332,102,MATH10,Geometry,S1,A-,0.5
139332,102,MATH10,Geometry,S2,A-,0.5
139332,102,SCI10,Chemistry,S1,B+,0.5
139332,102,SCI10,Chemistry,S2,B-,0.5
139332,102,SS10,World Geography,S1,A+,0.5
139332,102,SS10,World Geography,S2,A,0.5
139332,102,ORCH10,Orchestra,S1,B+,0.5
139332,102,ORCH10,Orchestra,S2,A+,0.5
139332,102,CS10,Intro to Computer Science,S1,B+,0.5
139332,102,CS10,Intro to Computer Science,S2,A-,0.5
132180,102,ENG10,English 10,S1,C-,0.5
132180,102,ENG10,English 10,S2,C,0.5
132180,102,MATH10,Geometry,S1,D-,0.5
132180,102,MATH10,Geometry,S2,C,0.5
132180,102,SCI10,Chemistry,S1,C,0.5
132180,102,SCI10,Chemistry,S2,C-,0.5
132180,102,SS10,World Geography,S1,C+,0.5
132180,102,SS10,World Geography,S2,C,0.5
132180,102,PHOT10,Photography,S1,B,0.5
132180,102,PHOT10,Photography,S2,D+,0.5
132180,102,CS10,Intro to Computer Science,S1,C,0.5
132180,102,CS10,Intro to Computer Science,S2,D-,0.5
126093,102,ENG12,English 12,S1,C+,0.5
126093,102,ENG12,English 12,S2,C,0.5
126093,102,MATH12,Pre-Calculus,S1,C,0.5
126093,102,MATH12,Pre-Calculus,S2,B-,0.5
126093,102,SCI12,Environmental Science,S1,C,0.5
126093,102,SCI12,Environmental Science,S2,B,0.5
126093,102,SS12,Government & Economics,S1,D+,0.5
126093,102,SS12,Government & Economics,S2,C+,0.5
126093,102,SPAN12,Spanish II,S1,C-,0.5
126093,102,SPAN12,Spanish II,S2,C-,0.5
126093,102,CS12,Intro to Computer Science,S1,C+,0.5
126093,102,CS12,Intro to Computer Science,S2,C+,0.5
134383,101,ENG07,English 7,S1,B+,0
134383,101,ENG07,English 7,S2,B,0
134383,101,MATH07,Math 7,S1,B,0
134383,101,MATH07,Math 7,S2,C-,0
134383,101,SCI07,Science 7,S1,D+,0
134383,101,SCI07,Science 7,S2,B-,0
134383,101,SS07,Social Studies 7,S1,D+,0
134383,101,SS07,Social Studies 7,S2,C-,0
134383,101,PE07,Physical Education 7,S1,C,0
134383,101,PE07,Physical Education 7,S2,C+,0
134383,101,SPAN07,Spanish I,S1,C,0
134383,101,SPAN07,Spanish I,S2,D,0
116950,102,ENG10,English 10,S1,D,0.5
116950,102,ENG10,English 10,S2,C,0.5
116950,102,MATH10,Geometry,S1,F,0
116950,102,MATH10,Geometry,S2,D+,0.5
116950,102,SCI10,Chemistry,S1,F,0
116950,102,SCI10,Chemistry,S2,F,0
116950,102,SS10,World Geography,S1,F,0
116950,102,SS10,World Geography,S2,D-,0.5
116950,102,PHOT10,Photography,S1,D,0.5
116950,102,PHOT10,Photography,S2,F,0
116950,102,CS10,Intro to Computer Science,S1,D,0.5
116950,102,CS10,Intro to Computer Science,S2,F,0
127522,102,ENG10,English 10,S1,B+,0.5
127522,102,ENG10,English 10,S2,B+,0.5
127522,102,MATH10,Geometry,S1,A+,0.5
127522,102,MATH10,Geometry,S2,A-,0.5
127522,102,SCI10,Chemistry,S1,A-,0.5
127522,102,SCI10,Chemistry,S2,B+,0.5
127522,102,SS10,World Geography,S1,A-,0.5
127522,102,SS10,World Geography,S2,A+,0.5
127522,102,SPAN10,Spanish II,S1,A+,0.5
127522,102,SPAN10,Spanish II,S2,A+,0.5
127522,102,PHOT10,Photography,S1,B,0.5
127522,102,PHOT10,Photography,S2,B+,0.5
136962,101,ENG06,English 6,S1,D+,0
136962,101,ENG06,English 6,S2,D,0
136962,101,MATH06,Math 6,S1,B,0
136962,101,MATH06,Math 6,S2,C-,0
136962,101,SCI06,Science 6,S1,C-,0
136962,101,SCI06,Science 6,S2,B-,0
136962,101,SS06,Social Studies 6,S1,B-,0
136962,101,SS06,Social Studies 6,S2,C-,0
136962,101,PE06,Physical Education 6,S1,D+,0
136962,101,PE06,Physical Education 6,S2,C+,0
136962,101,ART06,Art,S1,C,0
136962,101,ART06,Art,S2,C,0
131404,102,ENG09,English 9,S1,W,0
131404,102,ENG09,English 9,S2,W,0
131404,102,MATH09,Algebra I,S1,W,0
131404,102,MATH09,Algebra I,S2,W,0
131404,102,SCI09,Biology,S1,W,0
131404,102,SCI09,Biology,S2,W,0
131404,102,SS09,World History,S1,W,0
131404,102,SS09,World History,S2,W,0
131404,102,PHOT09,Photography,S1,W,0
131404,102,PHOT09,Photography,S2,W,0
131404,102,ART209,Ceramics,S1,W,0
131404,102,ART209,Ceramics,S2,W,0
133616,102,ENG09,English 9,S1,D+,0.5
133616,102,ENG09,English 9,S2,D,0.5
133616,102,MATH09,Algebra I,S1,D+,0.5
133616,102,MATH09,Algebra I,S2,D,0.5
133616,102,SCI09,Biology,S1,C+,0.5
133616,102,SCI09,Biology,S2,D,0.5
133616,102,SS09,World History,S1,A-,0.5
133616,102,SS09,World History,S2,B,0.5
133616,102,HLTH09,Health,S1,D+,0.5
133616,102,HLTH09,Health,S2,C,0.5
133616,102,ORCH09,Orchestra,S1,C,0.5
133616,102,ORCH09,Orchestra,S2,D+,0.5
133946,101,ENG08,English 8,S1,B,0
133946,101,ENG08,English 8,S2,C,0
133946,101,MATH08,Math 8,S1,B+,0
133946,101,MATH08,Math 8,S2,A+,0
133946,101,SCI08,Science 8,S1,B+,0
133946,101,SCI08,Science 8,S2,B,0
133946,101,SS08,Social Studies 8,S1,B-,0
133946,101,SS08,Social Studies 8,S2,B,0
133946,101,PE08,Physical Education 8,S1,B+,0
133946,101,PE08,Physical Education 8,S2,B,0
133946,101,ART08,Art,S1,C+,0
133946,101,ART08,Art,S2,B-,0
101663,101,ENG06,English 6,S1,D,0
101663,101,ENG06,English 6,S2,C-,0
101663,101,MATH06,Math 6,S1,D-,0
101663,101,MATH06,Math 6,S2,D,0
101663,101,SCI06,Science 6,S1,B-,0
101663,101,SCI06,Science 6,S2,C+,0
101663,101,SS06,Social Studies 6,S1,C-,0
101663,101,SS06,Social Studies 6,S2,D,0
101663,101,PE06,Physical Education 6,S1,C+,0
101663,101,PE06,Physical Education 6,S2,F,0
101663,101,BAND06,Band,S1,D+,0
101663,101,BAND06,Band,S2,D,0
137717,102,ENG09,English 9,S1,C,0.5
137717,102,ENG09,English 9,S2,C+,0.5
137717,102,MATH09,Algebra I,S1,B,0.5
137717,102,MATH09,Algebra I,S2,B,0.5
137717,102,SCI09,Biology,S1,B+,0.5
137717,102,SCI09,Biology,S2,B,0.5
137717,102,SS09,World History,S1,C,0.5
137717,102,SS09,World History,S2,C,0.5
137717,102,HLTH09,Health,S1,D+,0.5
137717,102,HLTH09,Health,S2,D+,0.5
137717,102,ART209,Ceramics,S1,B-,0.5
137717,102,ART209,Ceramics,S2,B,0.5
114714,101,ENG08,English 8,S1,C-,0
114714,101,ENG08,English 8,S2,D,0
114714,101,MATH08,Math 8,S1,F,0
114714,101,MATH08,Math 8,S2,C-,0
114714,101,SCI08,Science 8,S1,D+,0
114714,101,SCI08,Science 8,S2,D+,0
114714,101,SS08,Social Studies 8,S1,C,0
114714,101,SS08,Social Studies 8,S2,C-,0
114714,101,PE08,Physical Education 8,S1,D,0
114714,101,PE08,Physical Education 8,S2,D+,0
114714,101,ART08,Art,S1,C-,0
114714,101,ART08,Art,S2,C-,0
108454,101,ENG07,English 7,S1,B+,0
108454,101,ENG07,English 7,S2,W,0
108454,101,MATH07,Math 7,S1,B,0
108454,101,MATH07,Math 7,S2,W,0
108454,101,SCI07,Science 7,S1,B+,0
108454,101,SCI07,Science 7,S2,W,0
108454,101,SS07,Social Studies 7,S1,B+,0
108454,101,SS07,Social Studies 7,S2,W,0
108454,101,PE07,Physical Education 7,S1,A+,0
108454,101,PE07,Physical Education 7,S2,W,0
108454,101,BAND07,Band,S1,A+,0
108454,101,BAND07,Band,S2,W,0
103203,101,ENG08,English 8,S1,D+,0
103203,101,ENG08,English 8,S2,C+,0
103203,101,MATH08,Math 8,S1,D-,0
103203,101,MATH08,Math 8,S2,C,0
103203,101,SCI08,Science 8,S1,C-,0
103203,101,SCI08,Science 8,S2,C,0
103203,101,SS08,Social Studies 8,S1,D-,0
103203,101,SS08,Social Studies 8,S2,D+,0
103203,101,PE08,Physical Education 8,S1,D+,0
103203,101,PE08,Physical Education 8,S2,D-,0
103203,101,BAND08,Band,S1,B-,0
103203,101,BAND08,Band,S2,C,0
134289,102,ENG10,English 10,S1,F,0
134289,102,ENG10,English 10,S2,C,0.5
134289,102,MATH10,Geometry,S1,C,0.5
134289,102,MATH10,Geometry,S2,C+,0.5
134289,102,SCI10,Chemistry,S1,C-,0.5
134289,102,SCI10,Chemistry,S2,D+,0.5
134289,102,SS10,World Geography,S1,C-,0.5
134289,102,SS10,World Geography,S2,B,0.5
134289,102,CS10,Intro to Computer Science,S1,C,0.5
134289,102,CS10,Intro to Computer Science,S2,C+,0.5
134289,102,ORCH10,Orchestra,S1,D-,0.5
134289,102,ORCH10,Orchestra,S2,D+,0.5
106722,101,ENG06,English 6,S1,B-,0
106722,101,ENG06,English 6,S2,C,0
106722,101,MATH06,Math 6,S1,A-,0
106722,101,MATH06,Math 6,S2,B-,0
106722,101,SCI06,Science 6,S1,C+,0
106722,101,SCI06,Science 6,S2,B-,0
106722,101,SS06,Social Studies 6,S1,C+,0
106722,101,SS06,Social Studies 6,S2,C-,0
106722,101,PE06,Physical Education 6,S1,B-,0
106722,101,PE06,Physical Education 6,S2,C+,0
106722,101,SPAN06,Spanish I,S1,B,0
106722,101,SPAN06,Spanish I,S2,C+,0
128141,102,ENG12,English 12,S1,D+,0.5
128141,102,ENG12,English 12,S2,C,0.5
128141,102,MATH12,Pre-Calculus,S1,C-,0.5
128141,102,MATH12,Pre-Calculus,S2,C,0.5
128141,102,SCI12,Environmental Science,S1,B,0.5
128141,102,SCI12,Environmental Science,S2,D+,0.5
128141,102,SS12,Government & Economics,S1,D+,0.5
128141,102,SS12,Government & Economics,S2,B,0.5
128141,102,HLTH12,Health,S1,C,0.5
128141,102,HLTH12,Health,S2,C,0.5
128141,102,ORCH12,Orchestra,S1,C-,0.5
128141,102,ORCH12,Orchestra,S2,D+,0.5
130804,102,ENG09,English 9,S1,A-,0.5
130804,102,ENG09,English 9,S2,B+,0.5
130804,102,MATH09,Algebra I,S1,B,0.5
130804,102,MATH09,Algebra I,S2,B-,0.5
130804,102,SCI09,Biology,S1,A,0.5
130804,102,SCI09,Biology,S2,A+,0.5
130804,102,SS09,World History,S1,A,0.5
130804,102,SS09,World History,S2,A+,0.5
130804,102,HLTH09,Health,S1,B+,0.5
130804,102,HLTH09,Health,S2,A,0.5
130804,102,ART209,Ceramics,S1,B,0.5
130804,102,ART209,Ceramics,S2,A-,0.5
109333,101,ENG08,English 8,S1,C+,0
109333,101,ENG08,English 8,S2,B-,0
109333,101,MATH08,Math 8,S1,C+,0
109333,101,MATH08,Math 8,S2,B-,0
109333,101,SCI08,Science 8,S1,C+,0
109333,101,SCI08,Science 8,S2,C-,0
109333,101,SS08,Social Studies 8,S1,B,0
109333,101,SS08,Social Studies 8,S2,B,0
109333,101,PE08,Physical Education 8,S1,C,0
109333,101,PE08,Physical Education 8,S2,B-,0
109333,101,BAND08,Band,S1,B+,0
109333,101,BAND08,Band,S2,B,0
131595,102,ENG11,English 11,S1,C+,0.5
131595,102,ENG11,English 11,S2,B,0.5
131595,102,MATH11,Algebra II,S1,C+,0.5
131595,102,MATH11,Algebra II,S2,C+,0.5
131595,102,SCI11,Physics,S1,B,0.5
131595,102,SCI11,Physics,S2,C,0.5
131595,102,SS11,U.S. History,S1,D-,0.5
131595,102,SS11,U.S. History,S2,D+,0.5
131595,102,ART211,Ceramics,S1,C,0.5
131595,102,ART211,Ceramics,S2,C,0.5
131595,102,CS11,Intro to Computer Science,S1,C+,0.5
131595,102,CS11,Intro to Computer Science,S2,B-,0.5
115002,101,ENG07,English 7,S1,C,0
115002,101,ENG07,English 7,S2,W,0
115002,101,MATH07,Math 7,S1,B,0
115002,101,MATH07,Math 7,S2,W,0
115002,101,SCI07,Science 7,S1,B,0
115002,101,SCI07,Science 7,S2,W,0
115002,101,SS07,Social Studies 7,S1,F,0
115002,101,SS07,Social Studies 7,S2,W,0
115002,101,PE07,Physical Education 7,S1,B+,0
115002,101,PE07,Physical Education 7,S2,W,0
115002,101,ART07,Art,S1,D+,0
115002,101,ART07,Art,S2,W,0
107996,102,ENG09,English 9,S1,B-,0.5
107996,102,ENG09,English 9,S2,C+,0.5
107996,102,MATH09,Algebra I,S1,B-,0.5
107996,102,MATH09,Algebra I,S2,B+,0.5
107996,102,SCI09,Biology,S1,C+,0.5
107996,102,SCI09,Biology,S2,B-,0.5
107996,102,SS09,World History,S1,C,0.5
107996,102,SS09,World History,S2,B,0.5
107996,102,HLTH09,Health,S1,B-,0.5
107996,102,HLTH09,Health,S2,B,0.5
107996,102,SPAN09,Spanish II,S1,B,0.5
107996,102,SPAN09,Spanish II,S2,C,0.5
129936,101,ENG07,English 7,S1,B,0
129936,101,ENG07,English 7,S2,B,0
129936,101,MATH07,Math 7,S1,C,0
129936,101,MATH07,Math 7,S2,B-,0
129936,101,SCI07,Science 7,S1,C+,0
129936,101,SCI07,Science 7,S2,C+,0
129936,101,SS07,Social Studies 7,S1,C,0
129936,101,SS07,Social Studies 7,S2,C-,0
129936,101,PE07,Physical Education 7,S1,C+,0
129936,101,PE07,Physical Education 7,S2,B,0
129936,101,SPAN07,Spanish I,S1,B-,0
129936,101,SPAN07,Spanish I,S2,B,0
130762,101,ENG06,English 6,S1,B+,0
130762,101,ENG06,English 6,S2,B,0
130762,101,MATH06,Math 6,S1,A-,0
130762,101,MATH06,Math 6,S2,B-,0
130762,101,SCI06,Science 6,S1,C,0
130762,101,SCI06,Science 6,S2,C,0
130762,101,SS06,Social Studies 6,S1,C+,0
130762,101,SS06,Social Studies 6,S2,B-,0
130762,101,PE06,Physical Education 6,S1,C,0
130762,101,PE06,Physical Education 6,S2,B,0
130762,101,ART06,Art,S1,C+,0
130762,101,ART06,Art,S2,D,0
135758,101,ENG06,English 6,S1,C-,0
135758,101,ENG06,English 6,S2,C+,0
135758,101,MATH06,Math 6,S1,D+,0
135758,101,MATH06,Math 6,S2,B+,0
135758,101,SCI06,Science 6,S1,B-,0
135758,101,SCI06,Science 6,S2,B+,0
135758,101,SS06,Social Studies 6,S1,C-,0
135758,101,SS06,Social Studies 6,S2,B-,0
135758,101,PE06,Physical Education 6,S1,B-,0
135758,101,PE06,Physical Education 6,S2,C,0
135758,101,BAND06,Band,S1,C-,0
135758,101,BAND06,Band,S2,C,0
116449,101,ENG06,English 6,S1,B-,0
116449,101,ENG06,English 6,S2,B,0
116449,101,MATH06,Math 6,S1,C,0
116449,101,MATH06,Math 6,S2,B,0
116449,101,SCI06,Science 6,S1,B,0
116449,101,SCI06,Science 6,S2,B-,0
116449,101,SS06,Social Studies 6,S1,B,0
116449,101,SS06,Social Studies 6,S2,B,0
116449,101,PE06,Physical Education 6,S1,A-,0
116449,101,PE06,Physical Education 6,S2,B-,0
116449,101,ART06,Art,S1,C-,0
116449,101,ART06,Art,S2,B,0
136686,102,ENG09,English 9,S1,A-,0.5
136686,102,ENG09,English 9,S2,B+,0.5
136686,102,MATH09,Algebra I,S1,B+,0.5
136686,102,MATH09,Algebra I,S2,A-,0.5
136686,102,SCI09,Biology,S1,B+,0.5
136686,102,SCI09,Biology,S2,B,0.5
136686,102,SS09,World History,S1,B+,0.5
136686,102,SS09,World History,S2,C,0.5
136686,102,SPAN09,Spanish II,S1,C+,0.5
136686,102,SPAN09,Spanish II,S2,B+,0.5
136686,102,ORCH09,Orchestra,S1,B-,0.5
136686,102,ORCH09,Orchestra,S2,B,0.5
126350,102,ENG11,English 11,S1,C-,0.5
126350,102,ENG11,English 11,S2,C+,0.5
126350,102,MATH11,Algebra II,S1,D,0.5
126350,102,MATH11,Algebra II,S2,C-,0.5
126350,102,SCI11,Physics,S1,C,0.5
126350,102,SCI11,Physics,S2,B-,0.5
126350,102,SS11,U.S. History,S1,C+,0.5
126350,102,SS11,U.S. History,S2,C-,0.5
126350,102,SPAN11,Spanish II,S1,C+,0.5
126350,102,SPAN11,Spanish II,S2,B,0.5
126350,102,CS11,Intro to Computer Science,S1,C,0.5
126350,102,CS11,Intro to Computer Science,S2,C-,0.5
120160,101,ENG08,English 8,S1,D+,0
120160,101,ENG08,English 8,S2,D-,0
120160,101,MATH08,Math 8,S1,D-,0
120160,101,MATH08,Math 8,S2,D,0
120160,101,SCI08,Science 8,S1,C-,0
120160,101,SCI08,Science 8,S2,D-,0
120160,101,SS08,Social Studies 8,S1,B-,0
120160,101,SS08,Social Studies 8,S2,D-,0
120160,101,PE08,Physical Education 8,S1,D-,0
120160,101,PE08,Physical Education 8,S2,D+,0
120160,101,ART08,Art,S1,D-,0
120160,101,ART08,Art,S2,C-,0
135923,101,ENG07,English 7,S1,C-,0
135923,101,ENG07,English 7,S2,C,0
135923,101,MATH07,Math 7,S1,C,0
135923,101,MATH07,Math 7,S2,C,0
135923,101,SCI07,Science 7,S1,C+,0
135923,101,SCI07,Science 7,S2,C-,0
135923,101,SS07,Social Studies 7,S1,C-,0
135923,101,SS07,Social Studies 7,S2,C-,0
135923,101,PE07,Physical Education 7,S1,D+,0
135923,101,PE07,Physical Education 7,S2,D+,0
135923,101,SPAN07,Spanish I,S1,B,0
135923,101,SPAN07,Spanish I,S2,D+,0
132892,101,ENG07,English 7,S1,C,0
132892,101,ENG07,English 7,S2,C+,0
132892,101,MATH07,Math 7,S1,B,0
132892,101,MATH07,Math 7,S2,B-,0
132892,101,SCI07,Science 7,S1,C,0
132892,101,SCI07,Science 7,S2,B,0
132892,101,SS07,Social Studies 7,S1,C+,0
132892,101,SS07,Social Studies 7,S2,C,0
132892,101,PE07,Physical Education 7,S1,B+,0
132892,101,PE07,Physical Education 7,S2,C-,0
132892,101,SPAN07,Spanish I,S1,C+,0
132892,101,SPAN07,Spanish I,S2,C+,0
131384,102,ENG09,English 9,S1,B+,0.5
131384,102,ENG09,English 9,S2,C+,0.5
131384,102,MATH09,Algebra I,S1,B,0.5
131384,102,MATH09,Algebra I,S2,B+,0.5
131384,102,SCI09,Biology,S1,A,0.5
131384,102,SCI09,Biology,S2,A-,0.5
131384,102,SS09,World History,S1,B-,0.5
131384,102,SS09,World History,S2,A,0.5
131384,102,CS09,Intro to Computer Science,S1,C-,0.5
131384,102,CS09,Intro to Computer Science,S2,B-,0.5
131384,102,SPAN09,Spanish II,S1,B+,0.5
131384,102,SPAN09,Spanish II,S2,C+,0.5
126342,101,ENG07,English 7,S1,D+,0
126342,101,ENG07,English 7,S2,D+,0
126342,101,MATH07,Math 7,S1,D,0
126342,101,MATH07,Math 7,S2,C-,0
126342,101,SCI07,Science 7,S1,D,0
126342,101,SCI07,Science 7,S2,D,0
126342,101,SS07,Social Studies 7,S1,D-,0
126342,101,SS07,Social Studies 7,S2,D+,0
126342,101,PE07,Physical Education 7,S1,D+,0
126342,101,PE07,Physical Education 7,S2,C,0
126342,101,ART07,Art,S1,D-,0
126342,101,ART07,Art,S2,C,0
128381,102,ENG12,English 12,S1,C,0.5
128381,102,ENG12,English 12,S2,B+,0.5
128381,102,MATH12,Pre-Calculus,S1,C-,0.5
128381,102,MATH12,Pre-Calculus,S2,B,0.5
128381,102,SCI12,Environmental Science,S1,D+,0.5
128381,102,SCI12,Environmental Science,S2,C,0.5
128381,102,SS12,Government & Economics,S1,C+,0.5
128381,102,SS12,Government & Economics,S2,C,0.5
128381,102,CS12,Intro to Computer Science,S1,B,0.5
128381,102,CS12,Intro to Computer Science,S2,B+,0.5
128381,102,SPAN12,Spanish II,S1,B,0.5
128381,102,SPAN12,Spanish II,S2,B+,0.5
113273,102,ENG12,English 12,S1,B+,0.5
113273,102,ENG12,English 12,S2,B-,0.5
113273,102,MATH12,Pre-Calculus,S1,C+,0.5
113273,102,MATH12,Pre-Calculus,S2,B-,0.5
113273,102,SCI12,Environmental Science,S1,C,0.5
113273,102,SCI12,Environmental Science,S2,C,0.5
113273,102,SS12,Government & Economics,S1,C+,0.5
113273,102,SS12,Government & Economics,S2,C-,0.5
113273,102,HLTH12,Health,S1,C-,0.5
113273,102,HLTH12,Health,S2,B-,0.5
113273,102,ART212,Ceramics,S1,B,0.5
113273,102,ART212,Ceramics,S2,C-,0.5
119292,102,ENG12,English 12,S1,B,0.5
119292,102,ENG12,English 12,S2,B,0.5
119292,102,MATH12,Pre-Calculus,S1,C,0.5
119292,102,MATH12,Pre-Calculus,S2,B,0.5
119292,102,SCI12,Environmental Science,S1,B,0.5
119292,102,SCI12,Environmental Science,S2,C,0.5
119292,102,SS12,Government & Economics,S1,B,0.5
119292,102,SS12,Government & Economics,S2,B-,0.5
119292,102,ART212,Ceramics,S1,B,0.5
119292,102,ART212,Ceramics,S2,B-,0.5
119292,102,CS12,Intro to Computer Science,S1,C+,0.5
119292,102,CS12,Intro to Computer Science,S2,C,0.5
117631,101,ENG08,English 8,S1,C-,0
117631,101,ENG08,English 8,S2,C+,0
117631,101,MATH08,Math 8,S1,C+,0
117631,101,MATH08,Math 8,S2,C+,0
117631,101,SCI08,Science 8,S1,C+,0
117631,101,SCI08,Science 8,S2,B-,0
117631,101,SS08,Social Studies 8,S1,B,0
117631,101,SS08,Social Studies 8,S2,B-,0
117631,101,PE08,Physical Education 8,S1,B-,0
117631,101,PE08,Physical Education 8,S2,C+,0
117631,101,SPAN08,Spanish I,S1,C-,0
117631,101,SPAN08,Spanish I,S2,C,0
100607,102,ENG10,English 10,S1,C,0.5
100607,102,ENG10,English 10,S2,B,0.5
100607,102,MATH10,Geometry,S1,B-,0.5
100607,102,MATH10,Geometry,S2,B,0.5
100607,102,SCI10,Chemistry,S1,C,0.5
100607,102,SCI10,Chemistry,S2,C,0.5
100607,102,SS10,World Geography,S1,C-,0.5
100607,102,SS10,World Geography,S2,C,0.5
100607,102,HLTH10,Health,S1,B-,0.5
100607,102,HLTH10,Health,S2,B,0.5
100607,102,CS10,Intro to Computer Science,S1,C-,0.5
100607,102,CS10,Intro to Computer Science,S2,C+,0.5
102169,102,ENG10,English 10,S1,F,0
102169,102,ENG10,English 10,S2,F,0
102169,102,MATH10,Geometry,S1,F,0
102169,102,MATH10,Geometry,S2,D-,0.5
102169,102,SCI10,Chemistry,S1,D+,0.5
102169,102,SCI10,Chemistry,S2,D,0.5
102169,102,SS10,World Geography,S1,F,0
102169,102,SS10,World Geography,S2,F,0
102169,102,PHOT10,Photography,S1,D+,0.5
102169,102,PHOT10,Photography,S2,D,0.5
102169,102,HLTH10,Health,S1,D-,0.5
102169,102,HLTH10,Health,S2,F,0
109820,101,ENG08,English 8,S1,C-,0
109820,101,ENG08,English 8,S2,C-,0
109820,101,MATH08,Math 8,S1,C,0
109820,101,MATH08,Math 8,S2,F,0
109820,101,SCI08,Science 8,S1,D+,0
109820,101,SCI08,Science 8,S2,C,0
109820,101,SS08,Social Studies 8,S1,D+,0
109820,101,SS08,Social Studies 8,S2,D+,0
109820,101,PE08,Physical Education 8,S1,D+,0
109820,101,PE08,Physical Education 8,S2,B-,0
109820,101,ART08,Art,S1,C-,0
109820,101,ART08,Art,S2,C-,0
139142,101,ENG08,English 8,S1,D-,0
139142,101,ENG08,English 8,S2,D-,0
139142,101,MATH08,Math 8,S1,F,0
139142,101,MATH08,Math 8,S2,D+,0
139142,101,SCI08,Science 8,S1,D,0
139142,101,SCI08,Science 8,S2,D,0
139142,101,SS08,Social Studies 8,S1,D-,0
139142,101,SS08,Social Studies 8,S2,D,0
139142,101,PE08,Physical Education 8,S1,D,0
139142,101,PE08,Physical Education 8,S2,F,0
139142,101,SPAN08,Spanish I,S1,D+,0
139142,101,SPAN08,Spanish I,S2,F,0
130030,101,ENG07,English 7,S1,B-,0
130030,101,ENG07,English 7,S2,B,0
130030,101,MATH07,Math 7,S1,C+,0
130030,101,MATH07,Math 7,S2,C+,0
130030,101,SCI07,Science 7,S1,D+,0
130030,101,SCI07,Science 7,S2,C,0
130030,101,SS07,Social Studies 7,S1,C-,0
130030,101,SS07,Social Studies 7,S2,B,0
130030,101,PE07,Physical Education 7,S1,B,0
130030,101,PE07,Physical Education 7,S2,C,0
130030,101,SPAN07,Spanish I,S1,C-,0
130030,101,SPAN07,Spanish I,S2,C+,0
134268,102,ENG09,English 9,S1,C-,0.5
134268,102,ENG09,English 9,S2,C,0.5
134268,102,MATH09,Algebra I,S1,C+,0.5
134268,102,MATH09,Algebra I,S2,B-,0.5
134268,102,SCI09,Biology,S1,B,0.5
134268,102,SCI09,Biology,S2,D+,0.5
134268,102,SS09,World History,S1,C,0.5
134268,102,SS09,World History,S2,C-,0.5
134268,102,CS09,Intro to Computer Science,S1,B,0.5
134268,102,CS09,Intro to Computer Science,S2,C,0.5
134268,102,PHOT09,Photography,S1,C,0.5
134268,102,PHOT09,Photography,S2,C-,0.5
132081,102,ENG09,English 9,S1,B,0.5
132081,102,ENG09,English 9,S2,B-,0.5
132081,102,MATH09,Algebra I,S1,C+,0.5
132081,102,MATH09,Algebra I,S2,C-,0.5
132081,102,SCI09,Biology,S1,D+,0.5
132081,102,SCI09,Biology,S2,B,0.5
132081,102,SS09,World History,S1,B,0.5
132081,102,SS09,World History,S2,C+,0.5
132081,102,HLTH09,Health,S1,B,0.5
132081,102,HLTH09,Health,S2,B,0.5
132081,102,CS09,Intro to Computer Science,S1,C,0.5
132081,102,CS09,Intro to Computer Science,S2,C-,0.5
123588,101,ENG08,English 8,S1,B,0
123588,101,ENG08,English 8,S2,C,0
123588,101,MATH08,Math 8,S1,C+,0
123588,101,MATH08,Math 8,S2,C+,0
123588,101,SCI08,Science 8,S1,B,0
123588,101,SCI08,Science 8,S2,C+,0
123588,101,SS08,Social Studies 8,S1,B,0
123588,101,SS08,Social Studies 8,S2,C+,0
123588,101,PE08,Physical Education 8,S1,C+,0
123588,101,PE08,Physical Education 8,S2,C,0
123588,101,BAND08,Band,S1,C-,0
123588,101,BAND08,Band,S2,C+,0
113096,101,ENG08,English 8,S1,F,0
113096,101,ENG08,English 8,S2,F,0
113096,101,MATH08,Math 8,S1,F,0
113096,101,MATH08,Math 8,S2,F,0
113096,101,SCI08,Science 8,S1,F,0
113096,101,SCI08,Science 8,S2,F,0
113096,101,SS08,Social Studies 8,S1,F,0
113096,101,SS08,Social Studies 8,S2,F,0
113096,101,PE08,Physical Education 8,S1,F,0
113096,101,PE08,Physical Education 8,S2,F,0
113096,101,ART08,Art,S1,F,0
113096,101,ART08,Art,S2,F,0
117046,101,ENG06,English 6,S1,B-,0
117046,101,ENG06,English 6,S2,B,0
117046,101,MATH06,Math 6,S1,B-,0
117046,101,MATH06,Math 6,S2,B-,0
117046,101,SCI06,Science 6,S1,A-,0
117046,101,SCI06,Science 6,S2,B+,0
117046,101,SS06,Social Studies 6,S1,B-,0
117046,101,SS06,Social Studies 6,S2,B,0
117046,101,PE06,Physical Education 6,S1,C+,0
117046,101,PE06,Physical Education 6,S2,C+,0
117046,101,SPAN06,Spanish I,S1,B,0
117046,101,SPAN06,Spanish I,S2,B,0
131822,101,ENG06,English 6,S1,C,0
131822,101,ENG06,English 6,S2,C,0
131822,101,MATH06,Math 6,S1,B-,0
131822,101,MATH06,Math 6,S2,C,0
131822,101,SCI06,Science 6,S1,C,0
131822,101,SCI06,Science 6,S2,C+,0
131822,101,SS06,Social Studies 6,S1,C,0
131822,101,SS06,Social Studies 6,S2,C,0
131822,101,PE06,Physical Education 6,S1,C+,0
131822,101,PE06,Physical Education 6,S2,B,0
131822,101,SPAN06,Spanish I,S1,D+,0
131822,101,SPAN06,Spanish I,S2,D+,0
130582,101,ENG07,English 7,S1,C,0
130582,101,ENG07,English 7,S2,C,0
130582,101,MATH07,Math 7,S1,D-,0
130582,101,MATH07,Math 7,S2,B,0
130582,101,SCI07,Science 7,S1,C+,0
130582,101,SCI07,Science 7,S2,C-,0
130582,101,SS07,Social Studies 7,S1,B,0
130582,101,SS07,Social Studies 7,S2,C+,0
130582,101,PE07,Physical Education 7,S1,C+,0
130582,101,PE07,Physical Education 7,S2,C,0
130582,101,ART07,Art,S1,C-,0
130582,101,ART07,Art,S2,C+,0
133506,101,ENG08,English 8,S1,B+,0
133506,101,ENG08,English 8,S2,B+,0
133506,101,MATH08,Math 8,S1,A,0
133506,101,MATH08,Math 8,S2,C+,0
133506,101,SCI08,Science 8,S1,B,0
133506,101,SCI08,Science 8,S2,B-,0
133506,101,SS08,Social Studies 8,S1,B+,0
133506,101,SS08,Social Studies 8,S2,B-,0
133506,101,PE08,Physical Education 8,S1,A,0
133506,101,PE08,Physical Education 8,S2,A+,0
133506,101,SPAN08,Spanish I,S1,C,0
133506,101,SPAN08,Spanish I,S2,B-,0
132581,102,ENG10,English 10,S1,C+,0.5
132581,102,ENG10,English 10,S2,B,0.5
132581,102,MATH10,Geometry,S1,B,0.5
132581,102,MATH10,Geometry,S2,C,0.5
132581,102,SCI10,Chemistry,S1,C+,0.5
132581,102,SCI10,Chemistry,S2,B+,0.5
132581,102,SS10,World Geography,S1,C+,0.5
132581,102,SS10,World Geography,S2,B-,0.5
132581,102,CS10,Intro to Computer Science,S1,C,0.5
132581,102,CS10,Intro to Computer Science,S2,B,0.5
132581,102,SPAN10,Spanish II,S1,B+,0.5
132581,102,SPAN10,Spanish II,S2,B,0.5
128457,101,ENG07,English 7,S1,B+,0
128457,101,ENG07,English 7,S2,C,0
128457,101,MATH07,Math 7,S1,B,0
128457,101,MATH07,Math 7,S2,A-,0
128457,101,SCI07,Science 7,S1,B,0
128457,101,SCI07,Science 7,S2,B-,0
128457,101,SS07,Social Studies 7,S1,B+,0
128457,101,SS07,Social Studies 7,S2,A,0
128457,101,PE07,Physical Education 7,S1,B,0
128457,101,PE07,Physical Education 7,S2,B,0
128457,101,SPAN07,Spanish I,S1,A-,0
128457,101,SPAN07,Spanish I,S2,C,0
136558,102,ENG12,English 12,S1,A-,0.5
136558,102,ENG12,English 12,S2,B-,0.5
136558,102,MATH12,Pre-Calculus,S1,B-,0.5
136558,102,MATH12,Pre-Calculus,S2,C+,0.5
136558,102,SCI12,Environmental Science,S1,A-,0.5
136558,102,SCI12,Environmental Science,S2,C+,0.5
136558,102,SS12,Government & Economics,S1,B+,0.5
136558,102,SS12,Government & Economics,S2,C+,0.5
136558,102,ART212,Ceramics,S1,C,0.5
136558,102,ART212,Ceramics,S2,A-,0.5
136558,102,SPAN12,Spanish II,S1,A-,0.5
136558,102,SPAN12,Spanish II,S2,B+,0.5
102203,101,ENG07,English 7,S1,A,0
102203,101,ENG07,English 7,S2,A-,0
102203,101,MATH07,Math 7,S1,B,0
102203,101,MATH07,Math 7,S2,B+,0
102203,101,SCI07,Science 7,S1,A,0
102203,101,SCI07,Science 7,S2,B+,0
102203,101,SS07,Social Studies 7,S1,A,0
102203,101,SS07,Social Studies 7,S2,A,0
102203,101,PE07,Physical Education 7,S1,B,0
102203,101,PE07,Physical Education 7,S2,A+,0
102203,101,SPAN07,Spanish I,S1,A+,0
102203,101,SPAN07,Spanish I,S2,A,0
119009,101,ENG07,English 7,S1,D+,0
119009,101,ENG07,English 7,S2,C-,0
119009,101,MATH07,Math 7,S1,C,0
119009,101,MATH07,Math 7,S2,C+,0
119009,101,SCI07,Science 7,S1,C+,0
119009,101,SCI07,Science 7,S2,D-,0
119009,101,SS07,Social Studies 7,S1,D+,0
119009,101,SS07,Social Studies 7,S2,D-,0
119009,101,PE07,Physical Education 7,S1,C,0
119009,101,PE07,Physical Education 7,S2,D-,0
119009,101,BAND07,Band,S1,C-,0
119009,101,BAND07,Band,S2,D,0
120752,101,ENG07,English 7,S1,A,0
120752,101,ENG07,English 7,S2,B,0
120752,101,MATH07,Math 7,S1,B,0
120752,101,MATH07,Math 7,S2,C+,0
120752,101,SCI07,Science 7,S1,B+,0
120752,101,SCI07,Science 7,S2,B-,0
120752,101,SS07,Social Studies 7,S1,C+,0
120752,101,SS07,Social Studies 7,S2,A-,0
120752,101,PE07,Physical Education 7,S1,B,0
120752,101,PE07,Physical Education 7,S2,A-,0
120752,101,ART07,Art,S1,B-,0
120752,101,ART07,Art,S2,C+,0
129992,101,ENG07,English 7,S1,B+,0
129992,101,ENG07,English 7,S2,C+,0
129992,101,MATH07,Math 7,S1,B+,0
129992,101,MATH07,Math 7,S2,A+,0
129992,101,SCI07,Science 7,S1,A,0
129992,101,SCI07,Science 7,S2,A-,0
129992,101,SS07,Social Studies 7,S1,A+,0
129992,101,SS07,Social Studies 7,S2,A-,0
129992,101,PE07,Physical Education 7,S1,B,0
129992,101,PE07,Physical Education 7,S2,A-,0
129992,101,SPAN07,Spanish I,S1,B+,0
129992,101,SPAN07,Spanish I,S2,B,0
106447,101,ENG08,English 8,S1,C,0
106447,101,ENG08,English 8,S2,D+,0
106447,101,MATH08,Math 8,S1,C,0
106447,101,MATH08,Math 8,S2,B-,0
106447,101,SCI08,Science 8,S1,D+,0
106447,101,SCI08,Science 8,S2,C+,0
106447,101,SS08,Social Studies 8,S1,D,0
106447,101,SS08,Social Studies 8,S2,D,0
106447,101,PE08,Physical Education 8,S1,D,0
106447,101,PE08,Physical Education 8,S2,C-,0
106447,101,SPAN08,Spanish I,S1,C-,0
106447,101,SPAN08,Spanish I,S2,C-,0
128734,101,ENG06,English 6,S1,C-,0
128734,101,ENG06,English 6,S2,B-,0
128734,101,MATH06,Math 6,S1,C,0
128734,101,MATH06,Math 6,S2,B-,0
128734,101,SCI06,Science 6,S1,C,0
128734,101,SCI06,Science 6,S2,C,0
128734,101,SS06,Social Studies 6,S1,C,0
128734,101,SS06,Social Studies 6,S2,C+,0
128734,101,PE06,Physical Education 6,S1,C,0
128734,101,PE06,Physical Education 6,S2,C-,0
128734,101,ART06,Art,S1,C+,0
128734,101,ART06,Art,S2,B-,0
133762,101,ENG07,English 7,S1,F,0
133762,101,ENG07,English 7,S2,F,0
133762,101,MATH07,Math 7,S1,F,0
133762,101,MATH07,Math 7,S2,F,0
133762,101,SCI07,Science 7,S1,F,0
133762,101,SCI07,Science 7,S2,F,0
133762,101,SS07,Social Studies 7,S1,F,0
133762,101,SS07,Social Studies 7,S2,F,0
133762,101,PE07,Physical Education 7,S1,F,0
133762,101,PE07,Physical Education 7,S2,F,0
133762,101,ART07,Art,S1,F,0
133762,101,ART07,Art,S2,F,0
116962,101,ENG08,English 8,S1,D+,0
116962,101,ENG08,English 8,S2,C,0
116962,101,MATH08,Math 8,S1,C+,0
116962,101,MATH08,Math 8,S2,C,0
116962,101,SCI08,Science 8,S1,C,0
116962,101,SCI08,Science 8,S2,C+,0
116962,101,SS08,Social Studies 8,S1,C+,0
116962,101,SS08,Social Studies 8,S2,C-,0
116962,101,PE08,Physical Education 8,S1,C,0
116962,101,PE08,Physical Education 8,S2,C,0
116962,101,BAND08,Band,S1,D,0
116962,101,BAND08,Band,S2,C,0
129682,101,ENG06,English 6,S1,C,0
129682,101,ENG06,English 6,S2,C+,0
129682,101,MATH06,Math 6,S1,B-,0
129682,101,MATH06,Math 6,S2,B-,0
129682,101,SCI06,Science 6,S1,C-,0
129682,101,SCI06,Science 6,S2,B-,0
129682,101,SS06,Social Studies 6,S1,B-,0
129682,101,SS06,Social Studies 6,S2,A-,0
129682,101,PE06,Physical Education 6,S1,C+,0
129682,101,PE06,Physical Education 6,S2,A-,0
129682,101,ART06,Art,S1,B+,0
129682,101,ART06,Art,S2,B,0
111996,102,ENG10,English 10,S1,D,0.5
111996,102,ENG10,English 10,S2,F,0
111996,102,MATH10,Geometry,S1,D-,0.5
111996,102,MATH10,Geometry,S2,F,0
111996,102,SCI10,Chemistry,S1,D-,0.5
111996,102,SCI10,Chemistry,S2,D,0.5
111996,102,SS10,World Geography,S1,D,0.5
111996,102,SS10,World Geography,S2,C-,0.5
111996,102,ART210,Ceramics,S1,F,0
111996,102,ART210,Ceramics,S2,D,0.5
111996,102,PHOT10,Photography,S1,D,0.5
111996,102,PHOT10,Photography,S2,D,0.5
127903,102,ENG09,English 9,S1,F,0
127903,102,ENG09,English 9,S2,W,0
127903,102,MATH09,Algebra I,S1,D+,0.5
127903,102,MATH09,Algebra I,S2,W,0
127903,102,SCI09,Biology,S1,F,0
127903,102,SCI09,Biology,S2,W,0
127903,102,SS09,World History,S1,D-,0.5
127903,102,SS09,World History,S2,W,0
127903,102,HLTH09,Health,S1,F,0
127903,102,HLTH09,Health,S2,W,0
127903,102,ART209,Ceramics,S1,D,0.5
127903,102,ART209,Ceramics,S2,W,0
131401,101,ENG08,English 8,S1,B-,0
131401,101,ENG08,English 8,S2,C+,0
131401,101,MATH08,Math 8,S1,C+,0
131401,101,MATH08,Math 8,S2,B-,0
131401,101,SCI08,Science 8,S1,B-,0
131401,101,SCI08,Science 8,S2,B,0
131401,101,SS08,Social Studies 8,S1,B,0
131401,101,SS08,Social Studies 8,S2,B,0
131401,101,PE08,Physical Education 8,S1,B-,0
131401,101,PE08,Physical Education 8,S2,B+,0
131401,101,ART08,Art,S1,B-,0
131401,101,ART08,Art,S2,B+,0
104213,102,ENG11,English 11,S1,D,0.5
104213,102,ENG11,English 11,S2,B-,0.5
104213,102,MATH11,Algebra II,S1,C,0.5
104213,102,MATH11,Algebra II,S2,D+,0.5
104213,102,SCI11,Physics,S1,B-,0.5
104213,102,SCI11,Physics,S2,C+,0.5
104213,102,SS11,U.S. History,S1,C,0.5
104213,102,SS11,U.S. History,S2,D-,0.5
104213,102,ART211,Ceramics,S1,D+,0.5
104213,102,ART211,Ceramics,S2,D,0.5
104213,102,ORCH11,Orchestra,S1,F,0
104213,102,ORCH11,Orchestra,S2,D+,0.5
117463,102,ENG09,English 9,S1,B+,0.5
117463,102,ENG09,English 9,S2,B,0.5
117463,102,MATH09,Algebra I,S1,B-,0.5
117463,102,MATH09,Algebra I,S2,A-,0.5
117463,102,SCI09,Biology,S1,A-,0.5
117463,102,SCI09,Biology,S2,C,0.5
117463,102,SS09,World History,S1,C-,0.5
117463,102,SS09,World History,S2,B-,0.5
117463,102,ORCH09,Orchestra,S1,B-,0.5
117463,102,ORCH09,Orchestra,S2,B-,0.5
117463,102,CS09,Intro to Computer Science,S1,D+,0.5
117463,102,CS09,Intro to Computer Science,S2,B,0.5
132664,102,ENG09,English 9,S1,D-,0.5
132664,102,ENG09,English 9,S2,D-,0.5
132664,102,MATH09,Algebra I,S1,D,0.5
132664,102,MATH09,Algebra I,S2,D+,0.5
132664,102,SCI09,Biology,S1,C+,0.5
132664,102,SCI09,Biology,S2,D,0.5
132664,102,SS09,World History,S1,D-,0.5
132664,102,SS09,World History,S2,D+,0.5
132664,102,ART209,Ceramics,S1,C-,0.5
132664,102,ART209,Ceramics,S2,C+,0.5
132664,102,ORCH09,Orchestra,S1,D+,0.5
132664,102,ORCH09,Orchestra,S2,C,0.5
124256,101,ENG07,English 7,S1,C-,0
124256,101,ENG07,English 7,S2,C,0
124256,101,MATH07,Math 7,S1,D-,0
124256,101,MATH07,Math 7,S2,D,0
124256,101,SCI07,Science 7,S1,D-,0
124256,101,SCI07,Science 7,S2,C,0
124256,101,SS07,Social Studies 7,S1,C,0
124256,101,SS07,Social Studies 7,S2,C,0
124256,101,PE07,Physical Education 7,S1,C-,0
124256,101,PE07,Physical Education 7,S2,C-,0
124256,101,BAND07,Band,S1,D,0
124256,101,BAND07,Band,S2,C,0
106334,101,ENG06,English 6,S1,B-,0
106334,101,ENG06,English 6,S2,C,0
106334,101,MATH06,Math 6,S1,C,0
106334,101,MATH06,Math 6,S2,B,0
106334,101,SCI06,Science 6,S1,C+,0
106334,101,SCI06,Science 6,S2,C,0
106334,101,SS06,Social Studies 6,S1,C-,0
106334,101,SS06,Social Studies 6,S2,A+,0
106334,101,PE06,Physical Education 6,S1,C+,0
106334,101,PE06,Physical Education 6,S2,A,0
106334,101,ART06,Art,S1,B+,0
106334,101,ART06,Art,S2,B+,0
112752,101,ENG08,English 8,S1,D-,0
112752,101,ENG08,English 8,S2,D,0
112752,101,MATH08,Math 8,S1,D,0
112752,101,MATH08,Math 8,S2,F,0
112752,101,SCI08,Science 8,S1,D,0
112752,101,SCI08,Science 8,S2,D+,0
112752,101,SS08,Social Studies 8,S1,D,0
112752,101,SS08,Social Studies 8,S2,D,0
112752,101,PE08,Physical Education 8,S1,F,0
112752,101,PE08,Physical Education 8,S2,D,0
112752,101,BAND08,Band,S1,F,0
112752,101,BAND08,Band,S2,F,0
126955,101,ENG06,English 6,S1,F,0
126955,101,ENG06,English 6,S2,F,0
126955,101,MATH06,Math 6,S1,F,0
126955,101,MATH06,Math 6,S2,D,0
126955,101,SCI06,Science 6,S1,F,0
126955,101,SCI06,Science 6,S2,F,0
126955,101,SS06,Social Studies 6,S1,D+,0
126955,101,SS06,Social Studies 6,S2,D-,0
126955,101,PE06,Physical Education 6,S1,D-,0
126955,101,PE06,Physical Education 6,S2,F,0
126955,101,SPAN06,Spanish I,S1,F,0
126955,101,SPAN06,Spanish I,S2,D-,0
109591,102,ENG12,English 12,S1,B,0.5
109591,102,ENG12,English 12,S2,B+,0.5
109591,102,MATH12,Pre-Calculus,S1,B,0.5
109591,102,MATH12,Pre-Calculus,S2,B,0.5
109591,102,SCI12,Environmental Science,S1,A-,0.5
109591,102,SCI12,Environmental Science,S2,B+,0.5
109591,102,SS12,Government & Economics,S1,B-,0.5
109591,102,SS12,Government & Economics,S2,B-,0.5
109591,102,PHOT12,Photography,S1,B+,0.5
109591,102,PHOT12,Photography,S2,B,0.5
109591,102,CS12,Intro to Computer Science,S1,B,0.5
109591,102,CS12,Intro to Computer Science,S2,A+,0.5
129451,102,ENG10,English 10,S1,A,0.5
129451,102,ENG10,English 10,S2,A,0.5
129451,102,MATH10,Geometry,S1,B+,0.5
129451,102,MATH10,Geometry,S2,B-,0.5
129451,102,SCI10,Chemistry,S1,A-,0.5
129451,102,SCI10,Chemistry,S2,A-,0.5
129451,102,SS10,World Geography,S1,B,0.5
129451,102,SS10,World Geography,S2,B,0.5
129451,102,ORCH10,Orchestra,S1,B+,0.5
129451,102,ORCH10,Orchestra,S2,B,0.5
129451,102,SPAN10,Spanish II,S1,A+,0.5
129451,102,SPAN10,Spanish II,S2,B-,0.5
100919,102,ENG12,English 12,S1,D+,0.5
100919,102,ENG12,English 12,S2,F,0
100919,102,MATH12,Pre-Calculus,S1,C-,0.5
100919,102,MATH12,Pre-Calculus,S2,D,0.5
100919,102,SCI12,Environmental Science,S1,F,0
100919,102,SCI12,Environmental Science,S2,F,0
100919,102,SS12,Government & Economics,S1,D,0.5
100919,102,SS12,Government & Economics,S2,D+,0.5
100919,102,HLTH12,Health,S1,D,0.5
100919,102,HLTH12,Health,S2,D,0.5
100919,102,ART212,Ceramics,S1,F,0
100919,102,ART212,Ceramics,S2,F,0
106040,102,ENG12,English 12,S1,B,0.5
106040,102,ENG12,English 12,S2,A-,0.5
106040,102,MATH12,Pre-Calculus,S1,B,0.5
106040,102,MATH12,Pre-Calculus,S2,C+,0.5
106040,102,SCI12,Environmental Science,S1,B+,0.5
106040,102,SCI12,Environmental Science,S2,C+,0.5
106040,102,SS12,Government & Economics,S1,B,0.5
106040,102,SS12,Government & Economics,S2,B,0.5
106040,102,CS12,Intro to Computer Science,S1,B+,0.5
106040,102,CS12,Intro to Computer Science,S2,B+,0.5
106040,102,HLTH12,Health,S1,A+,0.5
106040,102,HLTH12,Health,S2,A+,0.5
100014,101,ENG06,English 6,S1,B-,0
100014,101,ENG06,English 6,S2,B-,0
100014,101,MATH06,Math 6,S1,B,0
100014,101,MATH06,Math 6,S2,B,0
100014,101,SCI06,Science 6,S1,B,0
100014,101,SCI06,Science 6,S2,B-,0
100014,101,SS06,Social Studies 6,S1,C+,0
100014,101,SS06,Social Studies 6,S2,B-,0
100014,101,PE06,Physical Education 6,S1,B-,0
100014,101,PE06,Physical Education 6,S2,B,0
100014,101,BAND06,Band,S1,C,0
100014,101,BAND06,Band,S2,C,0
129571,102,ENG11,English 11,S1,B,0.5
129571,102,ENG11,English 11,S2,C,0.5
129571,102,MATH11,Algebra II,S1,A-,0.5
129571,102,MATH11,Algebra II,S2,B+,0.5
129571,102,SCI11,Physics,S1,B+,0.5
129571,102,SCI11,Physics,S2,B,0.5
129571,102,SS11,U.S. History,S1,B,0.5
129571,102,SS11,U.S. History,S2,B-,0.5
129571,102,ART211,Ceramics,S1,B+,0.5
129571,102,ART211,Ceramics,S2,B,0.5
129571,102,SPAN11,Spanish II,S1,B+,0.5
129571,102,SPAN11,Spanish II,S2,B-,0.5
138052,102,ENG12,English 12,S1,F,0
138052,102,ENG12,English 12,S2,F,0
138052,102,MATH12,Pre-Calculus,S1,F,0
138052,102,MATH12,Pre-Calculus,S2,D-,0.5
138052,102,SCI12,Environmental Science,S1,F,0
138052,102,SCI12,Environmental Science,S2,D,0.5
138052,102,SS12,Government & Economics,S1,F,0
138052,102,SS12,Government & Economics,S2,D,0.5
138052,102,ART212,Ceramics,S1,F,0
138052,102,ART212,Ceramics,S2,F,0
138052,102,HLTH12,Health,S1,F,0
138052,102,HLTH12,Health,S2,F,0
135821,102,ENG11,English 11,S1,A,0.5
135821,102,ENG11,English 11,S2,A-,0.5
135821,102,MATH11,Algebra II,S1,A-,0.5
135821,102,MATH11,Algebra II,S2,A,0.5
135821,102,SCI11,Physics,S1,A+,0.5
135821,102,SCI11,Physics,S2,A-,0.5
135821,102,SS11,U.S. History,S1,A+,0.5
135821,102,SS11,U.S. History,S2,A+,0.5
135821,102,PHOT11,Photography,S1,A+,0.5
135821,102,PHOT11,Photography,S2,C+,0.5
135821,102,ORCH11,Orchestra,S1,A,0.5
135821,102,ORCH11,Orchestra,S2,B,0.5
105443,101,ENG08,English 8,S1,D+,0
105443,101,ENG08,English 8,S2,D,0
105443,101,MATH08,Math 8,S1,C-,0
105443,101,MATH08,Math 8,S2,C-,0
105443,101,SCI08,Science 8,S1,C,0
105443,101,SCI08,Science 8,S2,C,0
105443,101,SS08,Social Studies 8,S1,C+,0
105443,101,SS08,Social Studies 8,S2,C,0
105443,101,PE08,Physical Education 8,S1,D+,0
105443,101,PE08,Physical Education 8,S2,D-,0
105443,101,SPAN08,Spanish I,S1,C-,0
105443,101,SPAN08,Spanish I,S2,D+,0
139985,102,ENG09,English 9,S1,B,0.5
139985,102,ENG09,English 9,S2,C+,0.5
139985,102,MATH09,Algebra I,S1,B-,0.5
139985,102,MATH09,Algebra I,S2,D+,0.5
139985,102,SCI09,Biology,S1,C,0.5
139985,102,SCI09,Biology,S2,B,0.5
139985,102,SS09,World History,S1,B-,0.5
139985,102,SS09,World History,S2,B-,0.5
139985,102,HLTH09,Health,S1,C,0.5
139985,102,HLTH09,Health,S2,B-,0.5
139985,102,ORCH09,Orchestra,S1,B-,0.5
139985,102,ORCH09,Orchestra,S2,C+,0.5
113028,101,ENG06,English 6,S1,A-,0
113028,101,ENG06,English 6,S2,B+,0
113028,101,MATH06,Math 6,S1,B,0
113028,101,MATH06,Math 6,S2,A-,0
113028,101,SCI06,Science 6,S1,B,0
113028,101,SCI06,Science 6,S2,B-,0
113028,101,SS06,Social Studies 6,S1,B+,0
113028,101,SS06,Social Studies 6,S2,B-,0
113028,101,PE06,Physical Education 6,S1,C+,0
113028,101,PE06,Physical Education 6,S2,B+,0
113028,101,SPAN06,Spanish I,S1,B+,0
113028,101,SPAN06,Spanish I,S2,A-,0
116242,102,ENG11,English 11,S1,B,0.5
116242,102,ENG11,English 11,S2,C,0.5
116242,102,MATH11,Algebra II,S1,C,0.5
116242,102,MATH11,Algebra II,S2,B,0.5
116242,102,SCI11,Physics,S1,C-,0.5
116242,102,SCI11,Physics,S2,B-,0.5
116242,102,SS11,U.S. History,S1,B-,0.5
116242,102,SS11,U.S. History,S2,A,0.5
116242,102,HLTH11,Health,S1,C+,0.5
116242,102,HLTH11,Health,S2,B-,0.5
116242,102,SPAN11,Spanish II,S1,C,0.5
116242,102,SPAN11,Spanish II,S2,B,0.5
107917,101,ENG07,English 7,S1,D,0
107917,101,ENG07,English 7,S2,D,0
107917,101,MATH07,Math 7,S1,D,0
107917,101,MATH07,Math 7,S2,C+,0
107917,101,SCI07,Science 7,S1,D+,0
107917,101,SCI07,Science 7,S2,D,0
107917,101,SS07,Social Studies 7,S1,D,0
107917,101,SS07,Social Studies 7,S2,D-,0
107917,101,PE07,Physical Education 7,S1,C,0
107917,101,PE07,Physical Education 7,S2,D,0
107917,101,ART07,Art,S1,D,0
107917,101,ART07,Art,S2,D+,0
102926,102,ENG12,English 12,S1,B,0.5
102926,102,ENG12,English 12,S2,B-,0.5
102926,102,MATH12,Pre-Calculus,S1,B+,0.5
102926,102,MATH12,Pre-Calculus,S2,A-,0.5
102926,102,SCI12,Environmental Science,S1,B+,0.5
102926,102,SCI12,Environmental Science,S2,B+,0.5
102926,102,SS12,Government & Economics,S1,A-,0.5
102926,102,SS12,Government & Economics,S2,B+,0.5
102926,102,SPAN12,Spanish II,S1,B+,0.5
102926,102,SPAN12,Spanish II,S2,B+,0.5
102926,102,CS12,Intro to Computer Science,S1,B,0.5
102926,102,CS12,Intro to Computer Science,S2,C-,0.5
135812,102,ENG12,English 12,S1,C+,0.5
135812,102,ENG12,English 12,S2,A-,0.5
135812,102,MATH12,Pre-Calculus,S1,A-,0.5
135812,102,MATH12,Pre-Calculus,S2,B,0.5
135812,102,SCI12,Environmental Science,S1,B,0.5
135812,102,SCI12,Environmental Science,S2,B-,0.5
135812,102,SS12,Government & Economics,S1,B+,0.5
135812,102,SS12,Government & Economics,S2,B+,0.5
135812,102,SPAN12,Spanish II,S1,A,0.5
135812,102,SPAN12,Spanish II,S2,A+,0.5
135812,102,ORCH12,Orchestra,S1,B,0.5
135812,102,ORCH12,Orchestra,S2,B+,0.5
117598,102,ENG12,English 12,S1,B-,0.5
117598,102,ENG12,English 12,S2,C,0.5
117598,102,MATH12,Pre-Calculus,S1,B-,0.5
117598,102,MATH12,Pre-Calculus,S2,D+,0.5
117598,102,SCI12,Environmental Science,S1,C-,0.5
117598,102,SCI12,Environmental Science,S2,C-,0.5
117598,102,SS12,Government & Economics,S1,C-,0.5
117598,102,SS12,Government & Economics,S2,B-,0.5
117598,102,SPAN12,Spanish II,S1,D,0.5
117598,102,SPAN12,Spanish II,S2,C+,0.5
117598,102,HLTH12,Health,S1,B-,0.5
117598,102,HLTH12,Health,S2,B-,0.5
123412,101,ENG06,English 6,S1,B,0
123412,101,ENG06,English 6,S2,B+,0
123412,101,MATH06,Math 6,S1,A-,0
123412,101,MATH06,Math 6,S2,B-,0
123412,101,SCI06,Science 6,S1,B,0
123412,101,SCI06,Science 6,S2,B,0
123412,101,SS06,Social Studies 6,S1,B,0
123412,101,SS06,Social Studies 6,S2,B-,0
123412,101,PE06,Physical Education 6,S1,A,0
123412,101,PE06,Physical Education 6,S2,B+,0
123412,101,SPAN06,Spanish I,S1,B,0
123412,101,SPAN06,Spanish I,S2,B,0
110142,102,ENG10,English 10,S1,B+,0.5
110142,102,ENG10,English 10,S2,B,0.5
110142,102,MATH10,Geometry,S1,B,0.5
110142,102,MATH10,Geometry,S2,A-,0.5
110142,102,SCI10,Chemistry,S1,A+,0.5
110142,102,SCI10,Chemistry,S2,A,0.5
110142,102,SS10,World Geography,S1,A,0.5
110142,102,SS10,World Geography,S2,B,0.5
110142,102,HLTH10,Health,S1,C,0.5
110142,102,HLTH10,Health,S2,B+,0.5
110142,102,CS10,Intro to Computer Science,S1,B,0.5
110142,102,CS10,Intro to Computer Science,S2,B,0.5
100336,101,ENG07,English 7,S1,B+,0
100336,101,ENG07,English 7,S2,B+,0
100336,101,MATH07,Math 7,S1,A,0
100336,101,MATH07,Math 7,S2,A+,0
100336,101,SCI07,Science 7,S1,C+,0
100336,101,SCI07,Science 7,S2,A+,0
100336,101,SS07,Social Studies 7,S1,B+,0
100336,101,SS07,Social Studies 7,S2,A,0
100336,101,PE07,Physical Education 7,S1,A,0
100336,101,PE07,Physical Education 7,S2,B,0
100336,101,ART07,Art,S1,A-,0
100336,101,ART07,Art,S2,B-,0
120541,102,ENG09,English 9,S1,A-,0.5
120541,102,ENG09,English 9,S2,A-,0.5
120541,102,MATH09,Algebra I,S1,A-,0.5
120541,102,MATH09,Algebra I,S2,A-,0.5
120541,102,SCI09,Biology,S1,B+,0.5
120541,102,SCI09,Biology,S2,B+,0.5
120541,102,SS09,World History,S1,B,0.5
120541,102,SS09,World History,S2,A,0.5
120541,102,HLTH09,Health,S1,B+,0.5
120541,102,HLTH09,Health,S2,B+,0.5
120541,102,ART209,Ceramics,S1,B,0.5
120541,102,ART209,Ceramics,S2,C,0.5
138211,102,ENG11,English 11,S1,A,0.5
138211,102,ENG11,English 11,S2,C+,0.5
138211,102,MATH11,Algebra II,S1,B-,0.5
138211,102,MATH11,Algebra II,S2,B+,0.5
138211,102,SCI11,Physics,S1,A-,0.5
138211,102,SCI11,Physics,S2,A,0.5
138211,102,SS11,U.S. History,S1,C+,0.5
138211,102,SS11,U.S. History,S2,B,0.5
138211,102,ART211,Ceramics,S1,D+,0.5
138211,102,ART211,Ceramics,S2,C,0.5
138211,102,ORCH11,Orchestra,S1,B-,0.5
138211,102,ORCH11,Orchestra,S2,A-,0.5
137636,101,ENG07,English 7,S1,A-,0
137636,101,ENG07,English 7,S2,B+,0
137636,101,MATH07,Math 7,S1,B+,0
137636,101,MATH07,Math 7,S2,B-,0
137636,101,SCI07,Science 7,S1,B,0
137636,101,SCI07,Science 7,S2,A,0
137636,101,SS07,Social Studies 7,S1,A-,0
137636,101,SS07,Social Studies 7,S2,A-,0
137636,101,PE07,Physical Education 7,S1,B,0
137636,101,PE07,Physical Education 7,S2,B,0
137636,101,ART07,Art,S1,A,0
137636,101,ART07,Art,S2,B,0
132242,101,ENG08,English 8,S1,F,0
132242,101,ENG08,English 8,S2,F,0
132242,101,MATH08,Math 8,S1,C,0
132242,101,MATH08,Math 8,S2,D,0
132242,101,SCI08,Science 8,S1,D-,0
132242,101,SCI08,Science 8,S2,D-,0
132242,101,SS08,Social Studies 8,S1,D-,0
132242,101,SS08,Social Studies 8,S2,F,0
132242,101,PE08,Physical Education 8,S1,D-,0
132242,101,PE08,Physical Education 8,S2,F,0
132242,101,ART08,Art,S1,F,0
132242,101,ART08,Art,S2,F,0
108838,102,ENG11,English 11,S1,A-,0.5
108838,102,ENG11,English 11,S2,B+,0.5
108838,102,MATH11,Algebra II,S1,B,0.5
108838,102,MATH11,Algebra II,S2,A+,0.5
108838,102,SCI11,Physics,S1,A-,0.5
108838,102,SCI11,Physics,S2,B,0.5
108838,102,SS11,U.S. History,S1,B,0.5
108838,102,SS11,U.S. History,S2,A-,0.5
108838,102,CS11,Intro to Computer Science,S1,A,0.5
108838,102,CS11,Intro to Computer Science,S2,A,0.5
108838,102,HLTH11,Health,S1,A-,0.5
108838,102,HLTH11,Health,S2,C,0.5
135769,101,ENG08,English 8,S1,B,0
135769,101,ENG08,English 8,S2,C,0
135769,101,MATH08,Math 8,S1,C,0
135769,101,MATH08,Math 8,S2,D+,0
135769,101,SCI08,Science 8,S1,B,0
135769,101,SCI08,Science 8,S2,C+,0
135769,101,SS08,Social Studies 8,S1,D,0
135769,101,SS08,Social Studies 8,S2,C+,0
135769,101,PE08,Physical Education 8,S1,B,0
135769,101,PE08,Physical Education 8,S2,C+,0
135769,101,SPAN08,Spanish I,S1,C+,0
135769,101,SPAN08,Spanish I,S2,B-,0
114609,101,ENG08,English 8,S1,C,0
114609,101,ENG08,English 8,S2,C,0
114609,101,MATH08,Math 8,S1,B,0
114609,101,MATH08,Math 8,S2,B,0
114609,101,SCI08,Science 8,S1,C,0
114609,101,SCI08,Science 8,S2,C+,0
114609,101,SS08,Social Studies 8,S1,C+,0
114609,101,SS08,Social Studies 8,S2,A-,0
114609,101,PE08,Physical Education 8,S1,B-,0
114609,101,PE08,Physical Education 8,S2,C-,0
114609,101,SPAN08,Spanish I,S1,B,0
114609,101,SPAN08,Spanish I,S2,C,0
130997,102,ENG10,English 10,S1,B+,0.5
130997,102,ENG10,English 10,S2,A-,0.5
130997,102,MATH10,Geometry,S1,C-,0.5
130997,102,MATH10,Geometry,S2,C,0.5
130997,102,SCI10,Chemistry,S1,B-,0.5
130997,102,SCI10,Chemistry,S2,C,0.5
130997,102,SS10,World Geography,S1,C+,0.5
130997,102,SS10,World Geography,S2,C-,0.5
130997,102,ORCH10,Orchestra,S1,C,0.5
130997,102,ORCH10,Orchestra,S2,C,0.5
130997,102,PHOT10,Photography,S1,C,0.5
130997,102,PHOT10,Photography,S2,B,0.5
138530,101,ENG07,English 7,S1,C+,0
138530,101,ENG07,English 7,S2,B,0
138530,101,MATH07,Math 7,S1,B-,0
138530,101,MATH07,Math 7,S2,D,0
138530,101,SCI07,Science 7,S1,C,0
138530,101,SCI07,Science 7,S2,B+,0
138530,101,SS07,Social Studies 7,S1,C,0
138530,101,SS07,Social Studies 7,S2,C,0
138530,101,PE07,Physical Education 7,S1,D+,0
138530,101,PE07,Physical Education 7,S2,B+,0
138530,101,BAND07,Band,S1,C+,0
138530,101,BAND07,Band,S2,C-,0
108599,101,ENG07,English 7,S1,C+,0
108599,101,ENG07,English 7,S2,C+,0
108599,101,MATH07,Math 7,S1,C,0
108599,101,MATH07,Math 7,S2,C+,0
108599,101,SCI07,Science 7,S1,B-,0
108599,101,SCI07,Science 7,S2,B,0
108599,101,SS07,Social Studies 7,S1,C,0
108599,101,SS07,Social Studies 7,S2,C,0
108599,101,PE07,Physical Education 7,S1,C+,0
108599,101,PE07,Physical Education 7,S2,C+,0
108599,101,BAND07,Band,S1,C-,0
108599,101,BAND07,Band,S2,B,0
139199,101,ENG07,English 7,S1,B,0
139199,101,ENG07,English 7,S2,C,0
139199,101,MATH07,Math 7,S1,B-,0
139199,101,MATH07,Math 7,S2,C+,0
139199,101,SCI07,Science 7,S1,C+,0
139199,101,SCI07,Science 7,S2,B-,0
139199,101,SS07,Social Studies 7,S1,B-,0
139199,101,SS07,Social Studies 7,S2,B-,0
139199,101,PE07,Physical Education 7,S1,C-,0
139199,101,PE07,Physical Education 7,S2,C+,0
139199,101,ART07,Art,S1,C,0
139199,101,ART07,Art,S2,C-,0
133077,102,ENG09,English 9,S1,C+,0.5
133077,102,ENG09,English 9,S2,A+,0.5
133077,102,MATH09,Algebra I,S1,A-,0.5
133077,102,MATH09,Algebra I,S2,A,0.5
133077,102,SCI09,Biology,S1,B+,0.5
133077,102,SCI09,Biology,S2,B+,0.5
133077,102,SS09,World History,S1,B+,0.5
133077,102,SS09,World History,S2,B-,0.5
133077,102,PHOT09,Photography,S1,B-,0.5
133077,102,PHOT09,Photography,S2,B,0.5
133077,102,CS09,Intro to Computer Science,S1,C+,0.5
133077,102,CS09,Intro to Computer Science,S2,B-,0.5
119050,102,ENG09,English 9,S1,B,0.5
119050,102,ENG09,English 9,S2,C+,0.5
119050,102,MATH09,Algebra I,S1,B,0.5
119050,102,MATH09,Algebra I,S2,C+,0.5
119050,102,SCI09,Biology,S1,C,0.5
119050,102,SCI09,Biology,S2,B+,0.5
119050,102,SS09,World History,S1,C-,0.5
119050,102,SS09,World History,S2,C+,0.5
119050,102,PHOT09,Photography,S1,C+,0.5
119050,102,PHOT09,Photography,S2,B-,0.5
119050,102,ART209,Ceramics,S1,B-,0.5
119050,102,ART209,Ceramics,S2,C-,0.5
105533,101,ENG07,English 7,S1,A+,0
105533,101,ENG07,English 7,S2,A,0
105533,101,MATH07,Math 7,S1,A,0
105533,101,MATH07,Math 7,S2,A-,0
105533,101,SCI07,Science 7,S1,A+,0
105533,101,SCI07,Science 7,S2,B+,0
105533,101,SS07,Social Studies 7,S1,B,0
105533,101,SS07,Social Studies 7,S2,A+,0
105533,101,PE07,Physical Education 7,S1,A-,0
105533,101,PE07,Physical Education 7,S2,B,0
105533,101,SPAN07,Spanish I,S1,B+,0
105533,101,SPAN07,Spanish I,S2,A,0
127379,101,ENG08,English 8,S1,D-,0
127379,101,ENG08,English 8,S2,F,0
127379,101,MATH08,Math 8,S1,C-,0
127379,101,MATH08,Math 8,S2,C-,0
127379,101,SCI08,Science 8,S1,D,0
127379,101,SCI08,Science 8,S2,C,0
127379,101,SS08,Social Studies 8,S1,F,0
127379,101,SS08,Social Studies 8,S2,D+,0
127379,101,PE08,Physical Education 8,S1,F,0
127379,101,PE08,Physical Education 8,S2,D-,0
127379,101,ART08,Art,S1,D,0
127379,101,ART08,Art,S2,D+,0
110493,102,ENG09,English 9,S1,B-,0.5
110493,102,ENG09,English 9,S2,B,0.5
110493,102,MATH09,Algebra I,S1,A-,0.5
110493,102,MATH09,Algebra I,S2,A+,0.5
110493,102,SCI09,Biology,S1,B-,0.5
110493,102,SCI09,Biology,S2,B,0.5
110493,102,SS09,World History,S1,B+,0.5
110493,102,SS09,World History,S2,,
110493,102,PHOT09,Photography,S1,B,0.5
110493,102,PHOT09,Photography,S2,C+,0.5
110493,102,CS09,Intro to Computer Science,S1,B-,0.5
110493,102,CS09,Intro to Computer Science,S2,B,0.5
108870,101,ENG08,English 8,S1,C-,0
108870,101,ENG08,English 8,S2,D-,0
108870,101,MATH08,Math 8,S1,D-,0
108870,101,MATH08,Math 8,S2,C,0
108870,101,SCI08,Science 8,S1,D,0
108870,101,SCI08,Science 8,S2,B-,0
108870,101,SS08,Social Studies 8,S1,D+,0
108870,101,SS08,Social Studies 8,S2,C,0
108870,101,PE08,Physical Education 8,S1,D+,0
108870,101,PE08,Physical Education 8,S2,D,0
108870,101,BAND08,Band,S1,C-,0
108870,101,BAND08,Band,S2,D,0
138406,102,ENG12,English 12,S1,B+,0.5
138406,102,ENG12,English 12,S2,B+,0.5
138406,102,MATH12,Pre-Calculus,S1,A+,0.5
138406,102,MATH12,Pre-Calculus,S2,A+,0.5
138406,102,SCI12,Environmental Science,S1,A+,0.5
138406,102,SCI12,Environmental Science,S2,A-,0.5
138406,102,SS12,Government & Economics,S1,A,0.5
138406,102,SS12,Government & Economics,S2,A+,0.5
138406,102,SPAN12,Spanish II,S1,A+,0.5
138406,102,SPAN12,Spanish II,S2,A+,0.5
138406,102,PHOT12,Photography,S1,A+,0.5
138406,102,PHOT12,Photography,S2,A+,0.5
120054,101,ENG08,English 8,S1,C+,0
120054,101,ENG08,English 8,S2,B,0
120054,101,MATH08,Math 8,S1,B-,0
120054,101,MATH08,Math 8,S2,C-,0
120054,101,SCI08,Science 8,S1,C-,0
120054,101,SCI08,Science 8,S2,B,0
120054,101,SS08,Social Studies 8,S1,C-,0
120054,101,SS08,Social Studies 8,S2,B,0
120054,101,PE08,Physical Education 8,S1,B-,0
120054,101,PE08,Physical Education 8,S2,B,0
120054,101,BAND08,Band,S1,A-,0
120054,101,BAND08,Band,S2,C-,0
133272,102,ENG09,English 9,S1,D,0.5
133272,102,ENG09,English 9,S2,D,0.5
133272,102,MATH09,Algebra I,S1,D,0.5
133272,102,MATH09,Algebra I,S2,C-,0.5
133272,102,SCI09,Biology,S1,D,0.5
133272,102,SCI09,Biology,S2,C-,0.5
133272,102,SS09,World History,S1,D+,0.5
133272,102,SS09,World History,S2,B-,0.5
133272,102,HLTH09,Health,S1,D-,0.5
133272,102,HLTH09,Health,S2,D+,0.5
133272,102,ART209,Ceramics,S1,D,0.5
133272,102,ART209,Ceramics,S2,D-,0.5
127003,102,ENG11,English 11,S1,C+,0.5
127003,102,ENG11,English 11,S2,C-,0.5
127003,102,MATH11,Algebra II,S1,C+,0.5
127003,102,MATH11,Algebra II,S2,C,0.5
127003,102,SCI11,Physics,S1,C+,0.5
127003,102,SCI11,Physics,S2,B,0.5
127003,102,SS11,U.S. History,S1,C-,0.5
127003,102,SS11,U.S. History,S2,C+,0.5
127003,102,CS11,Intro to Computer Science,S1,A+,0.5
127003,102,CS11,Intro to Computer Science,S2,C+,0.5
127003,102,ORCH11,Orchestra,S1,C+,0.5
127003,102,ORCH11,Orchestra,S2,B,0.5
125585,102,ENG12,English 12,S1,C-,0.5
125585,102,ENG12,English 12,S2,A-,0.5
125585,102,MATH12,Pre-Calculus,S1,B,0.5
125585,102,MATH12,Pre-Calculus,S2,B,0.5
125585,102,SCI12,Environmental Science,S1,B-,0.5
125585,102,SCI12,Environmental Science,S2,C,0.5
125585,102,SS12,Government & Economics,S1,B+,0.5
125585,102,SS12,Government & Economics,S2,C,0.5
125585,102,SPAN12,Spanish II,S1,B,0.5
125585,102,SPAN12,Spanish II,S2,C+,0.5
125585,102,CS12,Intro to Computer Science,S1,B,0.5
125585,102,CS12,Intro to Computer Science,S2,B,0.5
109734,101,ENG07,English 7,S1,D,0
109734,101,ENG07,English 7,S2,C-,0
109734,101,MATH07,Math 7,S1,D,0
109734,101,MATH07,Math 7,S2,C,0
109734,101,SCI07,Science 7,S1,B-,0
109734,101,SCI07,Science 7,S2,D+,0
109734,101,SS07,Social Studies 7,S1,C-,0
109734,101,SS07,Social Studies 7,S2,D,0
109734,101,PE07,Physical Education 7,S1,D,0
109734,101,PE07,Physical Education 7,S2,D-,0
109734,101,SPAN07,Spanish I,S1,C-,0
109734,101,SPAN07,Spanish I,S2,C,0
134080,101,ENG06,English 6,S1,C+,0
134080,101,ENG06,English 6,S2,C+,0
134080,101,MATH06,Math 6,S1,C+,0
134080,101,MATH06,Math 6,S2,D,0
134080,101,SCI06,Science 6,S1,D,0
134080,101,SCI06,Science 6,S2,A-,0
134080,101,SS06,Social Studies 6,S1,C,0
134080,101,SS06,Social Studies 6,S2,C-,0
134080,101,PE06,Physical Education 6,S1,C,0
134080,101,PE06,Physical Education 6,S2,D+,0
134080,101,BAND06,Band,S1,C-,0
134080,101,BAND06,Band,S2,D-,0
112890,102,ENG09,English 9,S1,D+,0.5
112890,102,ENG09,English 9,S2,C,0.5
112890,102,MATH09,Algebra I,S1,D+,0.5
112890,102,MATH09,Algebra I,S2,C-,0.5
112890,102,SCI09,Biology,S1,C,0.5
112890,102,SCI09,Biology,S2,C,0.5
112890,102,SS09,World History,S1,C,0.5
112890,102,SS09,World History,S2,C+,0.5
112890,102,CS09,Intro to Computer Science,S1,C-,0.5
112890,102,CS09,Intro to Computer Science,S2,B-,0.5
112890,102,ORCH09,Orchestra,S1,D-,0.5
112890,102,ORCH09,Orchestra,S2,D+,0.5
124641,101,ENG06,English 6,S1,D-,0
124641,101,ENG06,English 6,S2,D,0
124641,101,MATH06,Math 6,S1,F,0
124641,101,MATH06,Math 6,S2,D-,0
124641,101,SCI06,Science 6,S1,D,0
124641,101,SCI06,Science 6,S2,D,0
124641,101,SS06,Social Studies 6,S1,D,0
124641,101,SS06,Social Studies 6,S2,D,0
124641,101,PE06,Physical Education 6,S1,D-,0
124641,101,PE06,Physical Education 6,S2,F,0
124641,101,ART06,Art,S1,D-,0
124641,101,ART06,Art,S2,C-,0
100926,101,ENG07,English 7,S1,C,0
100926,101,ENG07,English 7,S2,C,0
100926,101,MATH07,Math 7,S1,C-,0
100926,101,MATH07,Math 7,S2,D,0
100926,101,SCI07,Science 7,S1,D,0
100926,101,SCI07,Science 7,S2,B,0
100926,101,SS07,Social Studies 7,S1,D-,0
100926,101,SS07,Social Studies 7,S2,D,0
100926,101,PE07,Physical Education 7,S1,D,0
100926,101,PE07,Physical Education 7,S2,C-,0
100926,101,ART07,Art,S1,B-,0
100926,101,ART07,Art,S2,C-,0
106955,102,ENG10,English 10,S1,C+,0.5
106955,102,ENG10,English 10,S2,B-,0.5
106955,102,MATH10,Geometry,S1,C,0.5
106955,102,MATH10,Geometry,S2,C,0.5
106955,102,SCI10,Chemistry,S1,C-,0.5
106955,102,SCI10,Chemistry,S2,B-,0.5
106955,102,SS10,World Geography,S1,D,0.5
106955,102,SS10,World Geography,S2,D+,0.5
106955,102,ORCH10,Orchestra,S1,C,0.5
106955,102,ORCH10,Orchestra,S2,C,0.5
106955,102,CS10,Intro to Computer Science,S1,D,0.5
106955,102,CS10,Intro to Computer Science,S2,C,0.5
125516,102,ENG10,English 10,S1,C+,0.5
125516,102,ENG10,English 10,S2,C+,0.5
125516,102,MATH10,Geometry,S1,C+,0.5
125516,102,MATH10,Geometry,S2,B,0.5
125516,102,SCI10,Chemistry,S1,B-,0.5
125516,102,SCI10,Chemistry,S2,B,0.5
125516,102,SS10,World Geography,S1,B+,0.5
125516,102,SS10,World Geography,S2,B-,0.5
125516,102,CS10,Intro to Computer Science,S1,A-,0.5
125516,102,CS10,Intro to Computer Science,S2,A-,0.5
125516,102,SPAN10,Spanish II,S1,C+,0.5
125516,102,SPAN10,Spanish II,S2,B-,0.5
104812,101,ENG06,English 6,S1,F,0
104812,101,ENG06,English 6,S2,F,0
104812,101,MATH06,Math 6,S1,F,0
104812,101,MATH06,Math 6,S2,D-,0
104812,101,SCI06,Science 6,S1,F,0
104812,101,SCI06,Science 6,S2,F,0
104812,101,SS06,Social Studies 6,S1,F,0
104812,101,SS06,Social Studies 6,S2,D-,0
104812,101,PE06,Physical Education 6,S1,D-,0
104812,101,PE06,Physical Education 6,S2,F,0
104812,101,SPAN06,Spanish I,S1,F,0
104812,101,SPAN06,Spanish I,S2,F,0
103366,101,ENG07,English 7,S1,D+,0
103366,101,ENG07,English 7,S2,C,0
103366,101,MATH07,Math 7,S1,C-,0
103366,101,MATH07,Math 7,S2,D+,0
103366,101,SCI07,Science 7,S1,F,0
103366,101,SCI07,Science 7,S2,C-,0
103366,101,SS07,Social Studies 7,S1,D,0
103366,101,SS07,Social Studies 7,S2,D-,0
103366,101,PE07,Physical Education 7,S1,C-,0
103366,101,PE07,Physical Education 7,S2,D,0
103366,101,ART07,Art,S1,C-,0
103366,101,ART07,Art,S2,C-,0
122742,101,ENG08,English 8,S1,C-,0
122742,101,ENG08,English 8,S2,B-,0
122742,101,MATH08,Math 8,S1,C-,0
122742,101,MATH08,Math 8,S2,C-,0
122742,101,SCI08,Science 8,S1,B,0
122742,101,SCI08,Science 8,S2,C,0
122742,101,SS08,Social Studies 8,S1,C,0
122742,101,SS08,Social Studies 8,S2,D+,0
122742,101,PE08,Physical Education 8,S1,B,0
122742,101,PE08,Physical Education 8,S2,C,0
122742,101,BAND08,Band,S1,C,0
122742,101,BAND08,Band,S2,C,0
123160,102,ENG12,English 12,S1,C-,0.5
123160,102,ENG12,English 12,S2,A-,0.5
123160,102,MATH12,Pre-Calculus,S1,C+,0.5
123160,102,MATH12,Pre-Calculus,S2,C-,0.5
123160,102,SCI12,Environmental Science,S1,C+,0.5
123160,102,SCI12,Environmental Science,S2,D,0.5
123160,102,SS12,Government & Economics,S1,C,0.5
123160,102,SS12,Government & Economics,S2,C,0.5
123160,102,CS12,Intro to Computer Science,S1,B-,0.5
123160,102,CS12,Intro to Computer Science,S2,C+,0.5
123160,102,SPAN12,Spanish II,S1,B-,0.5
123160,102,SPAN12,Spanish II,S2,C+,0.5
101690,102,ENG10,English 10,S1,C,0.5
101690,102,ENG10,English 10,S2,D-,0.5
101690,102,MATH10,Geometry,S1,D+,0.5
101690,102,MATH10,Geometry,S2,D+,0.5
101690,102,SCI10,Chemistry,S1,C-,0.5
101690,102,SCI10,Chemistry,S2,B,0.5
101690,102,SS10,World Geography,S1,C,0.5
101690,102,SS10,World Geography,S2,C,0.5
101690,102,HLTH10,Health,S1,B-,0.5
101690,102,HLTH10,Health,S2,D,0.5
101690,102,SPAN10,Spanish II,S1,B-,0.5
101690,102,SPAN10,Spanish II,S2,D+,0.5
101676,101,ENG07,English 7,S1,C-,0
101676,101,ENG07,English 7,S2,C,0
101676,101,MATH07,Math 7,S1,C-,0
101676,101,MATH07,Math 7,S2,D,0
101676,101,SCI07,Science 7,S1,D,0
101676,101,SCI07,Science 7,S2,F,0
101676,101,SS07,Social Studies 7,S1,D,0
101676,101,SS07,Social Studies 7,S2,C-,0
101676,101,PE07,Physical Education 7,S1,D,0
101676,101,PE07,Physical Education 7,S2,F,0
101676,101,ART07,Art,S1,C,0
101676,101,ART07,Art,S2,C-,0
133448,102,ENG11,English 11,S1,B+,0.5
133448,102,ENG11,English 11,S2,A+,0.5
133448,102,MATH11,Algebra II,S1,A,0.5
133448,102,MATH11,Algebra II,S2,A+,0.5
133448,102,SCI11,Physics,S1,C+,0.5
133448,102,SCI11,Physics,S2,B+,0.5
133448,102,SS11,U.S. History,S1,A,0.5
133448,102,SS11,U.S. History,S2,A-,0.5
133448,102,SPAN11,Spanish II,S1,A,0.5
133448,102,SPAN11,Spanish II,S2,A,0.5
133448,102,ART211,Ceramics,S1,B+,0.5
133448,102,ART211,Ceramics,S2,B-,0.5
131196,102,ENG09,English 9,S1,C,0.5
131196,102,ENG09,English 9,S2,B-,0.5
131196,102,MATH09,Algebra I,S1,B,0.5
131196,102,MATH09,Algebra I,S2,C+,0.5
131196,102,SCI09,Biology,S1,C+,0.5
131196,102,SCI09,Biology,S2,B-,0.5
131196,102,SS09,World History,S1,B-,0.5
131196,102,SS09,World History,S2,B,0.5
131196,102,CS09,Intro to Computer Science,S1,B+,0.5
131196,102,CS09,Intro to Computer Science,S2,C+,0.5
131196,102,HLTH09,Health,S1,B,0.5
131196,102,HLTH09,Health,S2,C+,0.5
121480,101,ENG07,English 7,S1,D-,0
121480,101,ENG07,English 7,S2,C-,0
121480,101,MATH07,Math 7,S1,F,0
121480,101,MATH07,Math 7,S2,D+,0
121480,101,SCI07,Science 7,S1,F,0
121480,101,SCI07,Science 7,S2,D+,0
121480,101,SS07,Social Studies 7,S1,D,0
121480,101,SS07,Social Studies 7,S2,C-,0
121480,101,PE07,Physical Education 7,S1,D,0
121480,101,PE07,Physical Education 7,S2,D,0
121480,101,SPAN07,Spanish I,S1,D+,0
121480,101,SPAN07,Spanish I,S2,C,0
119901,101,ENG08,English 8,S1,D+,0
119901,101,ENG08,English 8,S2,B-,0
119901,101,MATH08,Math 8,S1,C-,0
119901,101,MATH08,Math 8,S2,C,0
119901,101,SCI08,Science 8,S1,B-,0
119901,101,SCI08,Science 8,S2,C,0
119901,101,SS08,Social Studies 8,S1,C,0
119901,101,SS08,Social Studies 8,S2,B-,0
119901,101,PE08,Physical Education 8,S1,C,0
119901,101,PE08,Physical Education 8,S2,C+,0
119901,101,BAND08,Band,S1,C,0
119901,101,BAND08,Band,S2,C+,0
129500,101,ENG08,English 8,S1,C+,0
129500,101,ENG08,English 8,S2,W,0
129500,101,MATH08,Math 8,S1,B,0
129500,101,MATH08,Math 8,S2,W,0
129500,101,SCI08,Science 8,S1,B+,0
129500,101,SCI08,Science 8,S2,W,0
129500,101,SS08,Social Studies 8,S1,C-,0
129500,101,SS08,Social Studies 8,S2,W,0
129500,101,PE08,Physical Education 8,S1,C,0
129500,101,PE08,Physical Education 8,S2,W,0
129500,101,BAND08,Band,S1,B-,0
129500,101,BAND08,Band,S2,W,0
121367,102,ENG11,English 11,S1,B-,0.5
121367,102,ENG11,English 11,S2,B-,0.5
121367,102,MATH11,Algebra II,S1,B,0.5
121367,102,MATH11,Algebra II,S2,A,0.5
121367,102,SCI11,Physics,S1,B+,0.5
121367,102,SCI11,Physics,S2,A-,0.5
121367,102,SS11,U.S. History,S1,B+,0.5
121367,102,SS11,U.S. History,S2,D+,0.5
121367,102,PHOT11,Photography,S1,C,0.5
121367,102,PHOT11,Photography,S2,,
121367,102,CS11,Intro to Computer Science,S1,B,0.5
121367,102,CS11,Intro to Computer Science,S2,C,0.5
107954,101,ENG08,English 8,S1,B-,0
107954,101,ENG08,English 8,S2,B,0
107954,101,MATH08,Math 8,S1,C,0
107954,101,MATH08,Math 8,S2,B,0
107954,101,SCI08,Science 8,S1,C-,0
107954,101,SCI08,Science 8,S2,C,0
107954,101,SS08,Social Studies 8,S1,C+,0
107954,101,SS08,Social Studies 8,S2,C-,0
107954,101,PE08,Physical Education 8,S1,C-,0
107954,101,PE08,Physical Education 8,S2,C+,0
107954,101,SPAN08,Spanish I,S1,D+,0
107954,101,SPAN08,Spanish I,S2,D,0
132608,101,ENG08,English 8,S1,B-,0
132608,101,ENG08,English 8,S2,B-,0
132608,101,MATH08,Math 8,S1,B,0
132608,101,MATH08,Math 8,S2,B-,0
132608,101,SCI08,Science 8,S1,B-,0
132608,101,SCI08,Science 8,S2,C+,0
132608,101,SS08,Social Studies 8,S1,C,0
132608,101,SS08,Social Studies 8,S2,B,0
132608,101,PE08,Physical Education 8,S1,B,0
132608,101,PE08,Physical Education 8,S2,C+,0
132608,101,ART08,Art,S1,B,0
132608,101,ART08,Art,S2,B,0
