Student_Number,Last_Name,First_Name,DOB,Gender,Grade_Level,SchoolID,EntryDate,ExitDate,Enroll_Status
100166,Ruiz,Amara,03/24/2011,F,9,102,08/11/2025,05/23/2026,0
135758,Lee,Santiago,02/12/2014,M,6,101,08/11/2025,05/23/2026,0
110493,Lee,Jasmine,04/07/2011,F,9,102,08/11/2025,05/23/2026,0
132131,Torres,Tyler,05/25/2012,M,8,101,08/11/2025,05/23/2026,0
132180,Torres,Aria,10/22/2009,F,10,102,08/11/2025,05/23/2026,0
138406,Rivera,Ximena,01/01/1900,F,12,102,08/11/2025,05/23/2026,0
138052,  harris ,CHLOE,06/03/2008,F,12,102,08/11/2025,05/23/2026,0
130582,Johnson,Diego,08/30/2013,M,7,101,08/11/2025,05/23/2026,0
128381,Young,Ximena,08/19/2008,F,12,102,08/11/2025,05/23/2026,0
106040,Wilson,Aria,03/05/2008,F,12,102,08/11/2025,05/23/2026,0
100336,Torres,Jasmine,10/20/2012,F,7,101,08/11/2025,05/23/2026,0
129571,  johnson ,AVA,01/09/2009,F,11,102,08/11/2025,05/23/2026,0
132581,Hernandez,Noah,03/14/2031,M,10,102,08/11/2025,05/23/2026,0
128457,Johnson,Grace,04/14/2013,F,7,101,10/21/2025,05/23/2026,0
126342,Lewis,Naomi,05/14/2013,F,7,101,08/11/2025,05/23/2026,0
136533,Reyes,Adrian,04/22/2013,M,7,101,08/11/2025,05/23/2026,0
116962,Clark,Adrian,11/01/2011,M,8,101,08/11/2025,05/23/2026,0
109333,Sanchez,Aaliyah,09/12/2011,F,8,101,08/11/2025,05/23/2026,0
101676,Clark,Camila,07/11/2013,F,7,101,08/11/2025,05/23/2026,0
107806,Gutierrez,Valentina,09/30/2012,F,7,101,08/11/2025,05/23/2026,0
129936,Thompson,Grace,07/25/2013,F,7,101,08/11/2025,05/23/2026,0
138438,Torres,Maya,11/19/2009,F,10,102,08/11/2025,05/23/2026,0
136686,Williams,Naomi,06/06/2011,F,9,102,09/08/2025,05/23/2026,0
131384,Jackson,Andres,12/16/2010,M,9,102,08/11/2025,05/23/2026,0
130804,Reyes,Nora,03/02/2011,F,9,102,08/11/2025,05/23/2026,0
117631,Kim,Layla,12/16/2011,F,8,101,08/11/2025,05/23/2026,0
119144,Smith,Luis,06/03/2008,M,12,102,09/16/2025,05/23/2026,0
105533,Lewis,Lily,01/19/2013,F,7,101,08/11/2025,05/23/2026,0
133272,Reyes,Hannah,05/07/2011,F,9,102,08/11/2025,05/23/2026,0
124172,Young,Leah,06/09/2013,F,7,101,08/11/2025,05/23/2026,0
117046,Davis,Kai,05/09/2014,M,6,101,08/19/2025,05/23/2026,0
133616,Lopez,Andres,10/20/2010,M,9,102,08/11/2025,05/23/2026,0
101663,White,Adrian,08/18/2014,M,6,101,08/11/2025,05/23/2026,0
126955,Morales,Olivia,11/29/2013,F,6,101,08/11/2025,05/23/2026,0
133762,Sanchez,Isabella,11/23/2012,F,7,101,08/11/2025,05/23/2026,0
129451,Torres,Harper,04/17/2010,F,10,102,08/11/2025,05/23/2026,0
100752,Castillo,Grace,02/03/2008,F,12,102,08/11/2025,05/23/2026,0
120054,Castillo,Riley,02/18/2012,F,8,101,08/11/2025,05/23/2026,0
136336,Jimenez,Gabriel,10/13/2008,M,11,102,08/11/2025,05/23/2026,0
114633,Brown,Layla,09/22/2008,F,11,102,08/11/2025,05/23/2026,0
133184,Flores,Grace,01/19/2013,F,7,101,08/11/2025,05/23/2026,0
120160,Young,Grace,01/25/2012,F,8,101,08/11/2025,05/23/2026,0
138530,Green,Aaliyah,05/27/2013,F,7,101,08/11/2025,05/23/2026,0
122742,Clark,Benjamin,10/22/2011,M,8,101,08/11/2025,05/23/2026,0
124664,Moore,Olivia,08/06/2013,F,7,101,08/11/2025,05/23/2026,0
104812,Kim,Aaliyah,04/18/2014,F,6,101,08/11/2025,05/23/2026,0
110142,Harris,Amara,07/13/2010,F,10,102,08/11/2025,05/23/2026,0
133946,Brown,Riley,05/06/2012,F,8,101,08/11/2025,05/23/2026,0
138530,Green,Aaliyah,05/27/2013,F,7,101,08/11/2025,05/23/2026,0
115724,Patel,Isaac,03/23/2008,M,12,102,10/21/2025,05/23/2026,0
126134,Jackson,Caleb,10/09/2012,M,7,101,08/11/2025,05/23/2026,0
133542,Martinez,Amara,10/22/2009,F,10,102,08/11/2025,05/23/2026,0
122308,Jimenez,Harper,04/09/2012,F,8,101,08/11/2025,05/23/2026,0
127670,Ramirez,Diego,06/02/2010,M,10,102,08/11/2025,05/23/2026,0
119009,Lee,Isaac,05/09/2013,M,7,101,08/11/2025,05/23/2026,0
127565,Castillo,Aaliyah,12/20/2008,F,11,102,08/11/2025,05/23/2026,0
123825,Castillo,Gabriel,07/31/2014,M,6,101,08/11/2025,05/23/2026,0
132892,Flores,Mateo,08/14/2013,M,7,101,08/11/2025,05/23/2026,0
107996,Thomas,Isaac,01/25/2011,M,9,102,08/11/2025,05/23/2026,0
104213,Davis,Isaac,02/12/2009,M,11,102,09/04/2025,05/23/2026,0
134080,Martinez,Zoe,10/07/2013,F,6,101,08/11/2025,05/23/2026,0
118824,Johnson,Elijah,12/15/2012,M,7,101,08/11/2025,05/23/2026,0
107631,Johnson,Aaliyah,05/15/2012,F,8,101,08/11/2025,05/23/2026,0
105943,Hernandez,Adrian,12/12/2011,M,8,101,08/11/2025,05/23/2026,0
103203,Jimenez,Nora,04/02/2012,F,8,101,08/11/2025,05/23/2026,0
131196,  perez ,MARCUS,02/07/2011,M,9,102,08/11/2025,05/23/2026,0
130030,Jackson,Jasmine,04/26/2013,F,7,101,08/11/2025,05/23/2026,0
109734,Davis,Isabella,04/20/2013,F,7,101,08/11/2025,05/23/2026,0
118848,Ramirez,Aria,02/19/2012,F,8,101,08/11/2025,05/23/2026,0
125516,Williams,Grace,11/10/2009,F,10,102,08/11/2025,05/23/2026,0
116950,Baker,Layla,08/20/2010,F,10,102,08/11/2025,05/23/2026,0
127522,Jimenez,Layla,09/07/2009,F,10,102,08/11/2025,05/23/2026,0
106447,Castillo,Caleb,03/27/2012,M,8,101,08/11/2025,05/23/2026,0
130762,Reyes,Jasmine,01/26/2014,F,6,101,08/11/2025,05/23/2026,0
108870,Gonzalez,Kai,10/01/2011,M,8,101,08/11/2025,05/23/2026,0
131401,Flores,Kai,03/26/2012,M,8,101,08/11/2025,05/23/2026,0
127522,Jimenez,Layla,09/07/2009,F,10,102,08/11/2025,05/23/2026,0
133077,Ruiz,Isaac,07/28/2011,M,9,102,08/11/2025,05/23/2026,0
127379,  wilson ,MIA,09/06/2011,F,8,101,08/11/2025,05/23/2026,0
137636,Green,Leah,04/08/2013,F,7,101,10/24/2025,05/23/2026,0
116449,Hernandez,Aaliyah,03/07/2014,F,6,101,08/11/2025,05/23/2026,0
139199,Rodriguez,Aria,12/02/2012,F,7,101,08/11/2025,05/23/2026,0
100926,Williams,Emma,01/22/2013,F,7,101,08/11/2025,05/23/2026,0
107257,Rivera,Lucas,07/16/2009,M,11,102,08/11/2025,05/23/2026,0
111996,Scott,Elijah,07/28/2010,M,10,102,08/11/2025,05/23/2026,0
113273,Gonzalez,Kai,06/02/2008,M,12,102,08/11/2025,05/23/2026,0
113777,Walker,Lucas,11/09/2007,M,12,102,08/11/2025,05/23/2026,0
128734,Flores,Luis,05/29/2014,M,6,101,08/11/2025,05/23/2026,0
125585,Reyes,Leah,10/01/2007,F,12,102,08/11/2025,05/23/2026,0
112890,Chavez,Grace,05/02/2011,F,9,102,08/11/2025,05/23/2026,0
133448,Martinez,Andres,06/25/2009,M,11,102,08/11/2025,05/23/2026,0
105290,Rodriguez,Tyler,05/05/2008,M,12,102,08/11/2025,05/23/2026,0
126350,Young,Mia,06/29/2009,F,11,102,08/11/2025,05/23/2026,0
132666,White,Caleb,02/23/2014,M,6,101,08/11/2025,05/23/2026,0
120593,Rodriguez,Jordan,07/09/2011,M,9,102,08/11/2025,05/23/2026,0
114714,Baker,Santiago,07/07/2012,M,8,101,08/11/2025,05/23/2026,0
133506,Garcia,Liam,01/02/2012,M,8,101,08/11/2025,05/23/2026,0
107954,Martin,Marcus,07/08/2012,M,8,101,08/11/2025,05/23/2026,0
108838,Allen,Jasmine,01/13/2009,F,11,102,08/11/2025,05/23/2026,0
127881,Thompson,Benjamin,11/17/2008,M,11,102,08/11/2025,05/23/2026,0
126093,Allen,Isaac,01/03/2008,M,12,102,08/11/2025,05/23/2026,0
132081,Baker,Leah,08/14/2011,F,9,102,08/11/2025,05/23/2026,0
120937,Perez,Olivia,12/12/2008,F,11,102,08/11/2025,05/23/2026,0
120752,Reyes,Amara,10/20/2012,F,7,101,08/11/2025,05/23/2026,0
127903,Brown,Diego,11/29/2010,M,9,102,08/11/2025,02/14/2026,2
124256,Moore,Liam,10/10/2012,M,7,101,10/14/2025,05/23/2026,0
131404,Jackson,Valentina,06/07/2011,F,9,102,08/11/2025,11/08/2025,2
109591,Gonzalez,Naomi,03/21/2008,F,12,102,10/21/2025,05/23/2026,0
117598,Ortiz,James,05/19/2008,M,12,102,08/11/2025,05/23/2026,0
131384,Jackson,Andres,12/13/2010,M,9,102,08/11/2025,05/23/2026,0
120250,Ramirez,Sofia,11/27/2011,F,8,101,08/11/2025,05/23/2026,0
106334,Williams,Gabriel,01/18/2014,M,6,101,08/11/2025,05/23/2026,0
121367,Young,Hannah,05/14/2009,F,11,102,08/11/2025,05/23/2026,0
116483,Ruiz,Isaac,01/15/2014,M,6,101,08/11/2025,05/23/2026,0
134383,Thomas,Ximena,03/12/2013,F,7,101,08/11/2025,05/23/2026,0
136962,Davis,Leah,12/30/2013,F,6,101,08/11/2025,05/23/2026,0
102169,Jackson,Riley,10/16/2009,F,10,102,08/11/2025,05/23/2026,0
103366,Hernandez,Amara,12/15/2012,F,7,101,08/11/2025,05/23/2026,0
128141,Sanchez,Amara,07/10/2008,F,12,102,08/11/2025,05/23/2026,0
105001,Kim,Elijah,12/18/2010,M,9,102,08/11/2025,05/23/2026,0
123588,Gutierrez,Riley,11/05/2011,F,8,101,08/11/2025,05/23/2026,0
102203,Chavez,Lucas,08/17/2013,M,7,101,08/11/2025,05/23/2026,0
131822,Scott,Maya,03/11/2014,F,6,101,08/11/2025,05/23/2026,0
130997,Jackson,Amara,10/09/2009,F,10,102,08/11/2025,05/23/2026,0
135821,Allen,Noah,10/11/2008,M,11,102,08/11/2025,05/23/2026,0
137523,Patel,Amara,02/26/2011,F,9,102,08/11/2025,05/23/2026,0
129979,Sanchez,Amara,05/22/2010,F,10,102,08/11/2025,05/23/2026,0
129992,Torres,Jayden,06/08/2013,M,7,101,08/11/2025,05/23/2026,0
135812,Brown,Mateo,11/08/2007,M,12,102,08/11/2025,05/23/2026,0
135769,Castillo,Andres,07/20/2012,M,8,101,08/11/2025,05/23/2026,0
119901,Rivera,Liam,06/28/2012,M,8,101,08/11/2025,05/23/2026,0
105876,Gonzalez,Elijah,09/05/2007,M,12,102,08/11/2025,05/23/2026,0
135901,Green,Zoe,10/15/2013,F,6,101,08/11/2025,05/23/2026,0
101690,Rivera,Hannah,03/22/2010,F,10,102,08/11/2025,05/23/2026,0
132608,Gonzalez,Layla,12/07/2011,F,8,101,08/11/2025,05/23/2026,0
138211,Ramirez,Ethan,09/24/2008,M,11,102,10/14/2025,05/23/2026,0
109820,Kim,Adrian,02/17/2012,M,8,101,08/11/2025,05/23/2026,0
107917,White,Aria,04/13/2013,F,7,101,08/11/2025,05/23/2026,0
135262,Ruiz,Jayden,01/20/2011,M,9,102,08/11/2025,05/23/2026,0
127003,Allen,Luis,05/10/2009,M,11,102,08/11/2025,05/23/2026,0
113028,Ortiz,Josiah,09/07/2013,M,6,101,08/11/2025,05/23/2026,0
114609,Chavez,Gabriel,10/04/2011,M,8,101,08/11/2025,05/23/2026,0
134289,Ramirez,Josiah,08/29/2010,M,10,102,08/11/2025,05/23/2026,0
109233,Ortiz,Valentina,05/14/2011,F,9,102,08/11/2025,05/23/2026,0
115002,Brown,Isabella,11/04/2012,F,7,101,08/11/2025,01/27/2026,2
100919,Johnson,Zoe,03/24/2008,F,12,102,11/03/2025,05/23/2026,0
101621,Young,Marcus,01/13/2014,M,6,101,08/11/2025,05/23/2026,0
129500,Ramirez,Ximena,04/05/2012,F,8,101,08/11/2025,03/04/2026,2
121480,Castillo,Aaliyah,05/26/2013,F,7,101,08/11/2025,05/23/2026,0
132242,Williams,Noah,02/17/2012,M,8,101,08/11/2025,05/23/2026,0
106425,Jackson,Layla,09/23/2007,F,12,102,08/11/2025,05/23/2026,0
108599,Romero,Jasmine,06/26/2013,F,7,101,08/11/2025,05/23/2026,0
129468,  moore ,OLIVIA,05/09/2009,F,11,102,08/11/2025,05/23/2026,0
124641,Thompson,Lucas,10/27/2013,M,6,101,08/11/2025,05/23/2026,0
129682,Moore,Amara,12/29/2013,F,6,101,08/11/2025,05/23/2026,0
120541,Young,Layla,10/07/2010,F,9,102,09/19/2025,05/23/2026,0
126032,Thomas,Daniel,11/13/2011,M,8,101,08/11/2025,04/16/2026,2
136474,Smith,Santiago,09/15/2013,M,6,101,08/11/2025,05/23/2026,0
139985,Kim,Liam,10/28/2010,M,9,102,10/27/2025,05/23/2026,0
106722,Rivera,Caleb,07/05/2014,M,6,101,08/11/2025,05/23/2026,0
123160,Vasquez,Luis,11/26/2007,M,12,102,08/11/2025,05/23/2026,0
102926,Ruiz,Maya,07/02/2008,F,12,102,08/11/2025,05/23/2026,0
139332,Scott,Valentina,10/23/2009,F,10,102,08/11/2025,05/23/2026,0
106955,Thomas,Mia,05/14/2010,F,10,102,08/11/2025,05/23/2026,0
132932,Moore,Gabriel,05/07/2010,M,10,102,08/11/2025,05/23/2026,0
123372,Davis,Jordan,09/04/2012,M,7,101,09/18/2025,05/23/2026,0
123412,Jimenez,Andres,11/28/2013,M,6,101,08/11/2025,05/23/2026,0
112752,Williams,Luis,11/08/2011,M,8,101,08/11/2025,05/23/2026,0
138385,Martin,Lily,06/09/2013,F,7,101,08/11/2025,10/22/2025,2
113096,Brown,Lily,06/13/2012,F,8,101,08/21/2025,05/23/2026,0
105443,Green,Valentina,04/08/2012,F,8,101,08/11/2025,05/23/2026,0
117463,Rivera,Isaac,05/01/2011,M,9,102,10/15/2025,05/23/2026,0
137842,Chavez,Olivia,04/10/2009,F,11,102,08/11/2025,05/23/2026,0
108454,Walker,Luis,07/22/2013,M,7,101,08/11/2025,04/08/2026,2
130216,Nguyen,Kai,01/11/2013,M,7,101,10/20/2025,05/23/2026,0
128907,Lewis,Harper,07/17/2012,F,8,101,08/11/2025,05/23/2026,0
122784,Gonzalez,Benjamin,02/01/2011,M,9,102,08/11/2025,05/23/2026,0
132664,  rodriguez ,AALIYAH,07/02/2011,F,9,102,08/11/2025,05/23/2026,0
136558,Nguyen,Kai,07/06/2008,M,12,102,08/11/2025,05/23/2026,0
106726,Gutierrez,Zoe,06/02/2008,F,12,102,08/11/2025,05/23/2026,0
100014,Garcia,Emma,05/19/2014,F,6,101,08/11/2025,05/23/2026,0
119292,Cruz,James,11/01/2007,M,12,102,08/11/2025,05/23/2026,0
139389,Jackson,Diego,07/20/2010,M,10,102,10/10/2025,05/23/2026,0
137717,Garcia,Ava,09/25/2010,F,9,102,08/11/2025,05/23/2026,0
135923,Thomas,Ethan,11/17/2012,M,7,101,08/11/2025,05/23/2026,0
132171,Chavez,Nora,02/08/2008,F,12,102,08/11/2025,05/23/2026,0
119050,Scott,Valentina,07/29/2011,F,9,102,08/11/2025,05/23/2026,0
100607,Gutierrez,Nora,12/11/2009,F,10,102,08/11/2025,05/23/2026,0
133658,Walker,Ximena,04/04/2012,F,8,101,08/11/2025,05/23/2026,0
131595,Mendoza,Emma,09/02/2008,F,11,102,08/11/2025,05/23/2026,0
116242,Rodriguez,Aaliyah,12/05/2008,F,11,102,08/11/2025,05/23/2026,0
139142,Hernandez,Aria,12/25/2011,F,8,101,08/11/2025,05/23/2026,0
107257,Rivera,Lucas,07/16/2009,M,11,102,08/11/2025,05/23/2026,0
134268,Torres,Valentina,11/01/2010,F,9,102,08/11/2025,05/23/2026,0
