studentNumber,schoolName,month,daysEnrolled,daysAbsentExcused,daysAbsentUnexcused
109634,Pinon Ridge High School,2025-10,22,0,0
108466,Pinon Ridge High School,2026-03,17,0,0
127910,Juniper Canyon Middle School,2025-10,22,0,0
114006,Pinon Ridge HS,2026-02,19,1,0
105213,Pinon Ridge High School,2026-02,19,3,3
129404,Pinon Ridge High School,2026-02,19,0,1
136261,Pinon Ridge High School,2026-05,16,0,3
129861,Pinon Ridge High School,2026-03,17,0,0
104075,Juniper Canyon Middle School,2026-04,22,1,1
122398,Pinon Ridge High School,2026-03,17,0,0
126170,Juniper Canyon Middle School,2026-05,16,2,0
121328,Juniper Canyon Middle School,2025-11,16,0,0
137254,Juniper Canyon Middle School,2026-04,22,0,1
115396,Pinon Ridge High School,2025-12,15,1,0
126947,Pinon Ridge High School,2026-03,17,1,0
104075,Juniper Canyon Middle School,2025-12,15,0,1
126947,Pinon Ridge High School,2026-02,19,0,0
123872,Juniper Canyon Middle School,2026-03,17,0,0
126733,Juniper Canyon Middle School,2026-05,16,0,1
130043,Juniper Canyon Middle School,2026-05,16,5,1
123661,Juniper Canyon Middle School,2026-01,19,0,0
125306,Juniper Canyon Middle School,2025-08,15,0,0
126480,Pinon Ridge High School,2026-03,17,0,1
134179,Pinon Ridge High School,2025-11,16,0,1
120042,Juniper Canyon Middle School,2026-04,22,0,1
132314,Pinon Ridge High School,2026-01,19,3,3
109634,Pinon Ridge HS,2026-02,19,0,0
112725,Juniper Canyon Middle School,2025-09,21,2,0
122409,Juniper Canyon MS,2025-11,16,1,0
136558,Pinon Ridge HS,2025-12,15,0,0
138385,Juniper Canyon Middle School,2025-08,15,0,1
125993,Juniper Canyon Middle School,2026-05,16,0,0
131306,Pinon Ridge High School,2025-09,21,0,0
139707,Juniper Canyon Middle School,2025-09,21,2,1
123661,Juniper Canyon Middle School,2026-05,16,0,0
134624,Juniper Canyon Middle School,2025-09,21,1,5
123661,Juniper Canyon Middle School,2025-11,16,0,0
104449,Pinon Ridge High School,2026-03,17,1,1
104576,Pinon Ridge High School,2025-09,21,1,0
104449,Pinon Ridge High School,2025-12,15,1,0
136261,Pinon Ridge High School,2025-10,22,2,4
101386,Pinon Ridge High School,2025-09,21,4,2
139538,Pinon Ridge High School,2025-08,15,1,0
130392,Pinon Ridge High School,2026-01,19,0,1
127910,Juniper Canyon Middle School,2026-02,19,0,1
107961,Juniper Canyon Middle School,2026-03,17,0,1
126709,Pinon Ridge High School,2025-10,22,0,0
100100,Pinon Ridge High School,2026-02,19,0,2
123160,Pinon Ridge High School,2025-11,16,1,0
129141,Juniper Canyon Middle School,2025-09,21,9,3
122409,Juniper Canyon Middle School,2026-05,16,0,2
125382,Pinon Ridge High School,2026-03,17,0,0
125525,Pinon Ridge High School,2026-01,19,0,0
114006,Pinon Ridge High School,2026-03,17,0,0
101269,Pinon Ridge High School,2026-01,19,0,0
119417,Juniper Canyon Middle School,2026-04,22,0,1
123273,Pinon Ridge High School,2026-03,17,1,1
137772,Pinon Ridge High School,2026-02,19,0,1
125539,Pinon Ridge High School,2026-01,19,0,1
126480,Pinon Ridge High School,2026-02,19,0,0
117505,Pinon Ridge High School,2026-05,16,0,6
117505,Pinon Ridge High School,2026-04,22,1,4
123109,Pinon Ridge High School,2026-02,19,0,1
105953,Pinon Ridge High School,2025-12,15,0,0
108699,Juniper Canyon Middle School,2026-01,19,0,1
117796,Pinon Ridge High School,2026-05,16,0,0
129141,Juniper Canyon Middle School,2025-08,15,0,4
118799,Pinon Ridge High School,2025-09,21,1,5
133908,Juniper Canyon Middle School,2025-10,22,0,0
101833,Pinon Ridge High School,2025-12,15,1,0
101386,Pinon Ridge High School,2026-04,22,2,2
129141,Juniper Canyon Middle School,2026-03,17,3,1
128970,Pinon Ridge High School,2025-09,21,0,0
116494,Juniper Canyon Middle School,2026-03,17,0,1
136261,Pinon Ridge High School,2026-04,22,2,1
136261,Pinon Ridge High School,2025-12,15,0,1
100735,Juniper Canyon Middle School,2026-05,16,0,0
114556,Pinon Ridge High School,2026-03,17,0,1
113342,Pinon Ridge High School,2025-09,21,1,1
107954,Juniper Canyon Middle School,2025-08,15,0,0
103438,Pinon Ridge High School,2026-02,19,0,0
135506,Juniper Canyon Middle School,2025-08,15,0,0
106564,Pinon Ridge High School,2025-10,22,0,0
119612,Juniper Canyon Middle School,2026-03,17,0,0
104576,Pinon Ridge High School,2026-05,16,0,1
118000,Pinon Ridge High School,2025-11,16,0,0
105249,Juniper Canyon Middle School,2025-08,4,1,0
108466,Piñon Ridge High School,2025-11,16,1,0
104512,Pinon Ridge High School,2025-08,15,2,0
126982,Pinon Ridge High School,2026-01,19,2,0
133908,Juniper Canyon Middle School,2026-05,16,0,0
100926,Pinon Ridge High School,2026-02,19,0,0
103897,Pinon Ridge High School,2025-09,21,0,0
115649,Pinon Ridge High School,2026-05,16,0,1
102424,Juniper Canyon Middle School,2026-05,16,0,1
121847,Juniper Canyon Middle School,2026-05,16,0,0
114245,Pinon Ridge High School,2025-10,22,0,0
123109,Pinon Ridge High School,2025-12,15,0,0
135506,Juniper Canyon Middle School,2025-09,21,0,0
110007,Pinon Ridge High School,2026-03,17,0,0
139303,Pinon Ridge High School,2025-12,15,0,0
118547,Pinon Ridge High School,2026-05,16,0,0
104186,Juniper Canyon Middle School,2026-03,17,2,0
108551,Pinon Ridge High School,2026-01,19,1,1
102424,Juniper Canyon Middle School,2025-10,22,0,2
129141,Juniper Canyon Middle School,2025-12,15,0,2
132314,Pinon Ridge High School,2025-12,15,2,1
139538,Pinon Ridge High School,2026-04,22,0,2
121847,Juniper Canyon Middle School,2025-09,21,0,1
125993,Juniper Canyon Middle School,2025-09,21,1,0
114511,Juniper Canyon Middle School,2025-08,15,0,1
113342,Pinon Ridge High School,2025-08,15,4,1
117119,Juniper Canyon Middle School,2025-11,16,0,0
111491,Juniper Canyon Middle School,2026-01,19,0,3
104576,Pinon Ridge High School,2026-01,19,0,1
118316,Juniper Canyon Middle School,2025-11,16,2,1
114556,Pinon Ridge High School,2026-04,22,1,0
133908,Juniper Canyon Middle School,2026-01,19,0,0
113371,Juniper Canyon Middle School,2026-02,19,0,1
126709,Pinon Ridge High School,2026-04,22,0,0
128613,Juniper Canyon Middle School,2026-04,22,0,0
134731,JUNIPER CANYON MIDDLE SCHOOL,2026-05,16,0,0
126982,Pinon Ridge High School,2026-05,16,0,0
128613,Juniper Canyon Middle School,2025-10,22,0,0
100431,Pinon Ridge HS,2025-11,16,0,0
136659,Pinon Ridge High School,2025-11,16,0,0
131512,Pinon Ridge High School,2025-11,16,0,2
105827,Juniper Canyon Middle School,2026-01,19,0,1
108838,Pinon Ridge High School,2026-05,16,2,0
118316,Juniper Canyon Middle School,2025-08,15,0,0
126170,Juniper Canyon Middle School,2026-04,22,0,4
100801,Pinon Ridge High School,2025-08,15,0,0
121394,Juniper Canyon Middle School,2026-04,22,0,1
105213,Pinon Ridge HS,2026-03,17,2,2
117325,Juniper Canyon MS,2026-02,19,1,0
100071,Pinon Ridge High School,2026-04,22,0,1
115649,Pinon Ridge High School,2026-02,19,1,0
108466,Pinon Ridge High School,2026-05,16,1,0
129405,Pinon Ridge High School,2026-05,16,0,0
116920,Pinon Ridge High School,2025-12,15,0,0
122409,Juniper Canyon Middle School,2026-03,17,2,0
107192,Pinon Ridge HS,2026-01,19,0,0
128613,JUNIPER CANYON MIDDLE SCHOOL,2025-11,16,0,0
136558,Pinon Ridge High School,2026-02,19,0,0
102710,Pinon Ridge High School,2026-02,19,0,1
131208,Pinon Ridge High School,2026-02,19,6,1
126264,Pinon Ridge High School,2026-01,19,0,0
131512,Pinon Ridge High School,2025-08,15,1,0
139303,Pinon Ridge High School,2026-05,16,0,1
127810,JUNIPER CANYON MIDDLE SCHOOL,2025-12,15,2,0
122398,Pinon Ridge High School,2025-08,15,0,0
139538,Pinon Ridge High School,2026-01,19,0,0
130460,Pinon Ridge High School,2026-01,19,0,0
107961,Juniper Canyon Middle School,2026-05,16,3,0
128694,Juniper Canyon Middle School,2025-11,13,0,0
129782,Pinon Ridge High School,2026-02,19,1,0
105213,Pinon Ridge High School,2025-11,16,2,1
114511,Juniper Canyon Middle School,2026-04,22,0,0
111491,Juniper Canyon Middle School,2025-12,15,0,2
133908,Juniper Canyon Middle School,2025-08,15,0,0
126733,Juniper Canyon Middle School,2026-02,19,0,0
123109,Pinon Ridge High School,2026-03,17,0,1
131512,Pinon Ridge High School,2026-01,19,4,4
122266,Pinon Ridge High School,2026-02,19,1,0
128694,Juniper Canyon Middle School,2025-09,21,0,0
100926,Pinon Ridge High School,2026-01,19,0,0
126733,Juniper Canyon Middle School,2025-11,16,0,1
137772,Pinon Ridge High School,2026-01,19,0,0
106564,Pinon Ridge High School,2026-02,19,1,0
131306,Pinon Ridge High School,2026-03,17,0,0
138337,Juniper Canyon Middle School,2026-02,19,1,0
101677,Pinon Ridge High School,2026-03,10,3,1
102014,Juniper Canyon Middle School,2026-04,22,0,0
125789,Juniper Canyon Middle School,2026-03,17,0,0
104576,Piñon Ridge High School,2026-04,22,0,0
137530,Pinon Ridge High School,2025-10,22,2,6
130260,Pinon Ridge High School,2025-10,22,1,0
100100,Pinon Ridge High School,2026-05,16,2,0
109470,Juniper Canyon Middle School,2026-05,16,1,2
116920,Pinon Ridge High School,2025-08,15,1,0
126982,Pinon Ridge High School,2025-10,22,0,2
109634,Pinon Ridge High School,2026-04,22,0,0
119076,Pinon Ridge High School,2026-02,19,0,0
109470,Juniper Canyon Middle School,2025-10,22,0,0
136261,Pinon Ridge High School,2025-09,21,1,3
106564,Pinon Ridge High School,2026-04,22,0,0
105827,Juniper Canyon Middle School,2025-10,22,0,0
118799,Pinon Ridge High School,2026-02,19,4,24
123273,Pinon Ridge High School,2025-09,21,2,2
127910,Juniper Canyon Middle School,2025-12,15,0,0
104678,Juniper Canyon Middle School,2026-01,19,0,3
118000,Pinon Ridge High School,2025-09,21,0,1
113342,Pinon Ridge High School,2026-05,16,0,0
118799,Pinon Ridge High School,2025-12,15,4,3
136261,Pinon Ridge High School,2026-02,19,0,1
139447,Juniper Canyon Middle School,2025-09,21,0,1
130043,Juniper Canyon Middle School,2025-08,15,1,2
137772,Pinon Ridge High School,2026-03,17,0,0
139447,Juniper Canyon Middle School,2025-10,22,1,0
100071,Pinon Ridge High School,2025-09,21,0,0
124333,Juniper Canyon Middle School,2026-03,17,1,0
118316,Juniper Canyon Middle School,2026-02,19,1,1
126653,Juniper Canyon Middle School,2026-02,19,0,0
124078,Juniper Canyon Middle School,2025-11,16,1,0
134281,Pinon Ridge High School,2026-04,22,1,0
119417,Juniper Canyon Middle School,2026-03,17,0,1
129861,Pinon Ridge High School,2025-12,15,0,0
105953,Pinon Ridge High School,2025-11,16,0,0
115396,Pinon Ridge High School,2026-02,19,0,0
104075,Juniper Canyon Middle School,2026-05,16,1,0
109984,Pinon Ridge High School,2026-01,19,0,0
118000,Pinon Ridge High School,2025-12,15,0,0
137530,Pinon Ridge High School,2025-12,15,1,1
100801,Pinon Ridge High School,2026-04,22,0,0
108838,Pinon Ridge High School,2025-12,15,1,2
121562,Juniper Canyon Middle School,2025-12,15,0,0
126947,Pinon Ridge High School,2025-11,16,0,1
114556,Pinon Ridge High School,2025-09,21,0,0
109578,Juniper Canyon Middle School,2025-09,21,0,0
139707,Juniper Canyon Middle School,2025-11,16,0,0
105117,Pinon Ridge High School,2025-11,16,2,0
109984,Pinon Ridge High School,2026-05,16,0,1
122582,Pinon Ridge High School,2025-11,16,0,0
121394,Juniper Canyon Middle School,2026-03,17,0,1
100801,Pinon Ridge High School,2025-09,21,1,0
113342,Pinon Ridge High School,2026-02,19,2,1
121328,Juniper Canyon Middle School,2025-12,15,0,1
119417,Juniper Canyon MS,2026-01,19,1,0
119417,Juniper Canyon Middle School,2025-12,15,1,0
107954,Juniper Canyon Middle School,2025-11,16,0,0
126170,Juniper Canyon Middle School,2025-12,15,1,1
137254,Juniper Canyon Middle School,2026-02,19,0,0
100735,Juniper Canyon Middle School,2025-09,21,0,1
137254,Juniper Canyon Middle School,2026-05,16,0,1
137772,Pinon Ridge High School,2025-12,15,2,0
104512,Pinon Ridge High School,2026-03,17,1,0
114006,Pinon Ridge High School,2025-10,19,0,1
132213,Juniper Canyon Middle School,2026-01,19,0,0
102424,Juniper Canyon Middle School,2025-12,15,0,0
105953,Pinon Ridge High School,2026-03,17,1,0
110007,Pinon Ridge High School,2026-05,16,0,0
114245,Pinon Ridge High School,2025-11,15,0,0
130260,Pinon Ridge High School,2026-05,16,0,0
117119,Juniper Canyon Middle School,2025-10,22,1,1
125382,Pinon Ridge High School,2025-10,22,0,0
129405,Pinon Ridge High School,2025-12,15,0,0
109833,Juniper Canyon Middle School,2026-01,19,0,1
132314,Pinon Ridge High School,2025-08,15,3,3
105953,Pinon Ridge High School,2025-08,15,0,0
116920,Pinon Ridge High School,2026-04,22,1,0
126264,Pinon Ridge High School,2025-09,21,0,1
104449,Pinon Ridge High School,2026-05,16,0,1
119266,Pinon Ridge High School,2025-09,21,0,0
111448,Juniper Canyon Middle School,2025-12,15,2,0
131010,Pinon Ridge High School,2025-08,15,1,0
109578,Juniper Canyon Middle School,2026-04,22,0,0
130762,Juniper Canyon Middle School,2025-11,16,0,0
118316,Juniper Canyon Middle School,2025-12,15,0,0
122386,Juniper Canyon Middle School,2025-11,16,3,0
139352,Pinon Ridge High School,2026-01,19,3,3
120030,Juniper Canyon Middle School,2025-11,16,0,0
104186,Juniper Canyon Middle School,2026-02,19,1,3
126947,Pinon Ridge High School,2026-04,22,0,0
122266,Pinon Ridge High School,2026-03,17,0,0
125539,Pinon Ridge High School,2026-02,19,0,0
132220,Pinon Ridge High School,2026-02,19,1,3
109470,Juniper Canyon Middle School,2026-04,22,1,1
116920,Pinon Ridge High School,2026-01,19,0,0
129782,Pinon Ridge High School,2025-10,22,0,1
129782,Pinon Ridge High School,2025-09,21,0,0
131809,Juniper Canyon Middle School,2026-05,16,1,0
101833,Pinon Ridge High School,2026-01,19,0,0
125401,Juniper Canyon Middle School,2026-02,19,1,0
104678,Juniper Canyon Middle School,2026-05,16,0,1
105117,Pinon Ridge High School,2026-05,16,1,1
127810,Juniper Canyon Middle School,2026-05,16,2,0
118547,Pinon Ridge High School,2025-08,15,0,1
130992,Juniper Canyon Middle School,2026-03,17,2,3
100100,Pinon Ridge High School,2026-04,22,1,1
129141,Juniper Canyon Middle School,2026-02,19,4,6
100431,Pinon Ridge High School,2025-09,21,0,1
123273,Pinon Ridge High School,2026-05,16,1,0
137254,Juniper Canyon Middle School,2025-12,15,0,0
114511,Juniper Canyon Middle School,2026-03,17,0,0
113371,Juniper Canyon Middle School,2025-08,15,0,2
130392,Pinon Ridge High School,2026-03,17,0,2
115396,Pinon Ridge High School,2025-10,22,0,2
130260,Pinon Ridge High School,2025-09,21,0,1
111448,Juniper Canyon Middle School,2026-01,19,0,0
115649,Pinon Ridge High School,2025-12,15,1,2
120042,Juniper Canyon Middle School,2026-03,17,0,0
128970,Pinon Ridge High School,2025-10,22,0,0
125539,Pinon Ridge High School,2026-02,19,0,0
114927,Pinon Ridge High School,2025-09,21,2,3
108838,Pinon Ridge High School,2026-02,19,0,2
108466,Pinon Ridge High School,2026-04,22,1,0
119612,Juniper Canyon MS,2025-10,22,0,0
126170,Juniper Canyon Middle School,2025-11,16,0,1
128613,Juniper Canyon Middle School,2026-03,17,0,0
139303,Pinon Ridge High School,2025-09,21,1,2
134281,Pinon Ridge High School,2025-11,16,0,0
128970,Pinon Ridge High School,2026-02,19,2,0
126480,Pinon Ridge High School,2025-10,22,2,1
109984,Pinon Ridge High School,2025-10,22,0,0
101677,Pinon Ridge High School,2026-01,19,3,2
130992,Juniper Canyon Middle School,2025-12,15,0,3
138102,Pinon Ridge High School,2026-04,22,0,0
121562,Juniper Canyon Middle School,2025-10,22,0,0
122398,Pinon Ridge High School,2026-04,22,0,0
130392,Pinon Ridge High School,2025-12,15,0,0
131809,Juniper Canyon Middle School,2025-11,16,0,0
128613,Juniper Canyon Middle School,2026-05,16,0,0
106564,Pinon Ridge High School,2026-02,19,1,0
105787,Juniper Canyon Middle School,2025-08,15,1,0
105787,Juniper Canyon Middle School,2026-01,19,0,0
119417,Juniper Canyon Middle School,2025-11,16,0,0
129404,Pinon Ridge High School,2026-01,19,0,0
134179,Pinon Ridge High School,2026-02,19,1,0
133725,Juniper Canyon Middle School,2025-11,16,0,1
129405,Pinon Ridge High School,2026-03,17,0,0
138886,Pinon Ridge High School,2026-01,19,0,0
134624,Juniper Canyon Middle School,2026-02,19,2,2
107192,Pinon Ridge High School,2026-02,19,0,0
137530,Pinon Ridge High School,2025-08,15,2,2
130762,Juniper Canyon Middle School,2025-09,21,1,0
101625,Juniper Canyon Middle School,2025-12,15,0,0
125539,Piñon Ridge High School,2025-10,22,0,0
121847,Juniper Canyon Middle School,2026-02,19,1,2
123273,Pinon Ridge High School,2025-08,15,0,0
139447,Juniper Canyon Middle School,2025-12,15,0,0
121394,Juniper Canyon Middle School,2025-11,16,0,0
134281,Pinon Ridge High School,2025-10,22,0,1
125382,Piñon Ridge High School,2026-02,19,0,0
109833,Juniper Canyon Middle School,2026-04,22,0,0
113342,Pinon Ridge High School,2025-12,15,2,0
122582,Pinon Ridge High School,2025-10,22,0,1
130392,Pinon Ridge High School,2025-11,16,0,0
125382,Pinon Ridge High School,2025-11,16,0,0
113371,Juniper Canyon Middle School,2025-09,21,2,1
116879,Pinon Ridge High School,2025-08,15,0,3
107192,Pinon Ridge High School,2025-08,15,0,0
129782,Pinon Ridge High School,2025-08,15,0,1
107192,Pinon Ridge HS,2025-09,21,0,0
126170,Juniper Canyon Middle School,2026-02,19,1,0
111491,Juniper Canyon Middle School,2025-08,15,2,1
119266,Pinon Ridge High School,2026-05,16,0,0
131809,Juniper Canyon Middle School,2025-12,15,0,0
110723,Juniper Canyon Middle School,2025-10,22,1,1
139303,Pinon Ridge High School,2026-04,22,0,1
125993,Juniper Canyon Middle School,2025-10,22,0,0
134624,Juniper Canyon Middle School,2026-03,17,2,1
114927,Pinon Ridge High School,2026-01,19,0,0
100071,Pinon Ridge High School,2025-08,15,0,0
120030,Juniper Canyon Middle School,2026-03,17,0,2
104075,Juniper Canyon Middle School,2025-10,22,1,0
115649,Pinon Ridge High School,2026-01,19,1,0
136659,Pinon Ridge High School,2026-02,19,0,0
115396,Pinon Ridge High School,2025-11,16,0,0
126264,Pinon Ridge High School,2026-05,16,0,1
138385,Juniper Canyon Middle School,2026-01,19,1,0
136659,Pinon Ridge HS,2025-10,22,0,1
137254,Juniper Canyon Middle School,2025-10,22,0,0
119076,Pinon Ridge High School,2026-04,22,1,2
117796,Pinon Ridge High School,2025-08,15,1,0
100801,Pinon Ridge High School,2026-02,19,0,0
105117,Pinon Ridge High School,2025-09,21,0,0
133725,Juniper Canyon Middle School,2026-01,19,1,0
102710,Pinon Ridge High School,2025-12,15,1,0
102424,JUNIPER CANYON MIDDLE SCHOOL,2026-04,22,1,0
113371,Juniper Canyon Middle School,2026-01,19,0,0
101833,Pinon Ridge High School,2025-09,21,0,1
116879,Pinon Ridge High School,2025-11,16,2,0
124333,Juniper Canyon Middle School,2025-11,16,0,2
116494,Juniper Canyon Middle School,2026-04,22,0,2
127810,Juniper Canyon Middle School,2026-02,19,3,4
132692,Pinon Ridge High School,2025-11,16,0,2
114245,Pinon Ridge High School,2025-09,21,0,0
131512,Pinon Ridge High School,2025-09,21,4,2
107961,Juniper Canyon Middle School,2025-10,22,2,0
126709,Pinon Ridge High School,2025-09,13,0,0
131512,Pinon Ridge High School,2026-02,19,1,3
131010,Pinon Ridge High School,2026-05,16,0,0
133725,Juniper Canyon Middle School,2026-05,16,1,0
122386,Juniper Canyon Middle School,2025-08,15,0,0
129405,Pinon Ridge High School,2025-10,22,0,1
100926,Pinon Ridge High School,2025-08,15,0,0
101625,Juniper Canyon Middle School,2026-02,19,1,1
114245,Pinon Ridge High School,2025-08,15,0,0
130392,Pinon Ridge High School,2025-10,22,0,0
114511,Juniper Canyon Middle School,2025-10,22,0,1
121394,Juniper Canyon Middle School,2025-08,15,0,0
103897,Pinon Ridge High School,2025-08,15,0,0
116879,Pinon Ridge High School,2026-01,19,0,3
129405,Pinon Ridge High School,2026-01,19,0,0
122386,Juniper Canyon Middle School,2025-10,22,0,0
114006,Pinon Ridge High School,2026-01,19,0,0
112725,Juniper Canyon Middle School,2025-10,22,0,1
134179,Pinon Ridge High School,2026-03,17,0,0
126947,Pinon Ridge High School,2025-12,15,0,1
116494,Juniper Canyon Middle School,2026-05,16,2,0
138385,Juniper Canyon Middle School,2026-05,16,0,1
107192,Pinon Ridge High School,2025-11,16,1,0
134353,Pinon Ridge High School,2025-08,15,1,0
136261,Pinon Ridge High School,2026-03,17,1,0
117796,Pinon Ridge High School,2025-09,21,1,0
117119,Juniper Canyon Middle School,2026-05,16,0,0
122582,Pinon Ridge High School,2026-03,17,0,0
116920,Pinon Ridge High School,2026-03,17,0,0
116494,Juniper Canyon Middle School,2025-08,15,0,0
101833,Pinon Ridge High School,2026-04,22,0,0
118547,Pinon Ridge High School,2026-01,19,0,0
117505,Pinon Ridge High School,2025-08,15,0,4
107961,Juniper Canyon MS,2025-11,16,1,1
138385,Juniper Canyon Middle School,2025-11,16,3,0
125401,Juniper Canyon Middle School,2025-11,16,1,1
109578,Juniper Canyon Middle School,2025-10,22,1,0
116920,Pinon Ridge High School,2026-05,16,0,0
114927,Pinon Ridge High School,2025-11,16,0,2
108699,Juniper Canyon Middle School,2025-08,15,0,1
120042,Juniper Canyon Middle School,2026-02,19,0,2
111491,Juniper Canyon Middle School,2026-05,16,1,1
104576,Pinon Ridge High School,2026-02,19,0,0
130992,Juniper Canyon Middle School,2026-02,19,0,2
107192,Pinon Ridge High School,2026-05,16,0,1
125382,Pinon Ridge High School,2026-01,19,0,0
138102,Pinon Ridge High School,2025-10,22,0,0
139538,Pinon Ridge High School,2026-02,19,1,0
132692,Pinon Ridge High School,2026-02,19,0,0
123661,Juniper Canyon Middle School,2025-12,15,0,0
118799,Pinon Ridge High School,2026-04,22,3,3
115649,Pinon Ridge High School,2025-09,21,2,1
105213,Pinon Ridge High School,2026-04,22,2,3
115396,Piñon Ridge High School,2025-08,15,0,0
121328,Juniper Canyon MS,2026-01,19,1,0
128970,Pinon Ridge High School,2026-03,17,0,0
104678,Juniper Canyon Middle School,2025-09,21,1,0
114556,Pinon Ridge High School,2025-12,15,1,0
117796,Pinon Ridge HS,2026-03,17,1,2
105787,Juniper Canyon Middle School,2025-11,16,0,0
112905,Juniper Canyon Middle School,2025-12,15,0,0
104186,Juniper Canyon Middle School,2026-04,22,3,3
125401,Juniper Canyon Middle School,2026-04,22,1,1
130260,Pinon Ridge High School,2025-11,16,0,0
122386,Juniper Canyon Middle School,2026-03,17,0,0
100801,Pinon Ridge High School,2025-12,15,0,0
130260,Pinon Ridge High School,2026-04,22,0,1
139303,Pinon Ridge High School,2026-02,19,0,1
110504,Pinon Ridge High School,2025-08,15,0,0
100100,Pinon Ridge High School,2025-10,22,0,0
100431,Pinon Ridge High School,2025-12,15,0,1
100801,Pinon Ridge High School,2026-02,19,0,0
103438,Pinon Ridge High School,2025-11,16,0,0
129404,Pinon Ridge High School,2026-02,19,0,1
110723,Juniper Canyon Middle School,2026-03,6,0,1
123273,Pinon Ridge High School,2026-02,19,0,1
103438,Pinon Ridge High School,2026-04,22,0,0
105787,Juniper Canyon MS,2026-03,17,0,0
136558,Pinon Ridge High School,2026-04,22,3,0
125789,Juniper Canyon Middle School,2025-08,15,0,0
118000,Pinon Ridge High School,2026-02,19,0,1
110723,Juniper Canyon Middle School,2025-11,16,1,1
108551,Pinon Ridge High School,2025-08,15,0,0
139303,Pinon Ridge High School,2026-02,19,0,1
130392,Pinon Ridge High School,2026-04,22,0,2
134353,Pinon Ridge High School,2026-04,22,1,2
123661,Juniper Canyon Middle School,2026-03,17,0,1
104576,Pinon Ridge High School,2025-12,15,0,0
100735,Juniper Canyon Middle School,2026-01,19,1,0
126982,Pinon Ridge High School,2026-03,17,0,1
136558,Pinon Ridge High School,2026-05,16,0,0
104576,Pinon Ridge High School,2025-10,22,0,1
107954,Juniper Canyon Middle School,2026-03,17,0,0
121592,Juniper Canyon Middle School,2026-02,19,1,1
105953,Pinon Ridge High School,2025-09,21,0,0
138337,Juniper Canyon Middle School,2025-08,15,1,0
121328,Juniper Canyon Middle School,2026-03,17,0,1
118547,Pinon Ridge High School,2025-10,22,0,0
109470,Juniper Canyon Middle School,2025-11,16,1,1
125525,Pinon Ridge High School,2026-03,17,0,0
120042,Juniper Canyon Middle School,2025-09,11,0,0
124078,Juniper Canyon Middle School,2026-01,19,1,0
138337,Juniper Canyon Middle School,2025-12,15,1,0
108838,Pinon Ridge High School,2026-01,19,1,1
137530,Pinon Ridge High School,2025-09,21,1,2
132220,Pinon Ridge High School,2025-09,21,0,1
125789,Juniper Canyon Middle School,2025-12,15,0,0
127810,Juniper Canyon Middle School,2026-01,19,1,5
125993,Juniper Canyon Middle School,2026-03,17,0,0
134281,Pinon Ridge High School,2025-12,15,0,0
123872,Juniper Canyon Middle School,2025-12,15,0,0
128970,Pinon Ridge High School,2026-02,19,2,0
105827,Juniper Canyon Middle School,2026-03,17,0,0
129405,Pinon Ridge High School,2025-09,21,0,1
131512,Pinon Ridge HS,2025-12,15,2,1
129404,Pinon Ridge High School,2025-10,22,3,0
123872,Juniper Canyon Middle School,2025-10,22,0,0
121328,Juniper Canyon MS,2025-09,19,1,0
100801,Pinon Ridge High School,2026-03,17,0,0
125789,Juniper Canyon Middle School,2026-01,19,0,0
125993,Juniper Canyon Middle School,2026-04,22,0,1
122452,Juniper Canyon Middle School,2025-12,15,1,2
134353,Piñon Ridge High School,2025-10,22,0,1
123160,Pinon Ridge High School,2026-01,19,1,1
122266,Pinon Ridge High School,2025-08,15,0,1
122582,Pinon Ridge High School,2026-05,16,0,0
134353,Pinon Ridge High School,2025-11,16,0,0
110504,Pinon Ridge High School,2026-04,22,4,0
117325,Juniper Canyon Middle School,2026-04,22,2,1
107954,Juniper Canyon Middle School,2025-12,15,1,0
122386,Juniper Canyon Middle School,2026-02,19,0,0
123273,Pinon Ridge High School,2025-11,16,1,0
101386,Pinon Ridge High School,2025-11,16,1,2
103897,Pinon Ridge High School,2025-10,22,1,1
111491,Juniper Canyon Middle School,2025-09,21,0,0
131809,Juniper Canyon Middle School,2025-09,21,0,1
131306,Pinon Ridge High School,2026-01,19,0,0
118000,Pinon Ridge High School,2026-05,16,0,0
102014,JUNIPER CANYON MIDDLE SCHOOL,2025-12,15,1,0
125382,Pinon Ridge High School,2025-09,21,0,2
120042,Juniper Canyon Middle School,2025-11,16,2,0
102710,Pinon Ridge High School,2025-10,22,0,0
139352,Pinon Ridge High School,2026-02,19,2,1
125306,Juniper Canyon Middle School,2025-10,22,0,0
126170,Juniper Canyon Middle School,2026-01,19,1,1
103438,Pinon Ridge High School,2025-09,21,0,0
119612,Juniper Canyon Middle School,2026-02,19,0,1
105249,Juniper Canyon MS,2026-01,19,0,0
104449,Pinon Ridge High School,2025-10,22,0,1
117796,Pinon Ridge HS,2025-11,16,1,1
123872,Juniper Canyon Middle School,2026-05,16,0,0
102710,Pinon Ridge HS,2026-05,16,1,0
114006,Pinon Ridge High School,2025-11,16,0,0
126709,Pinon Ridge High School,2026-03,17,0,0
132213,Juniper Canyon Middle School,2025-10,22,0,1
127810,Juniper Canyon Middle School,2025-08,15,3,4
104186,Juniper Canyon Middle School,2025-09,21,2,1
108491,Juniper Canyon Middle School,2025-08,15,0,2
100100,Pinon Ridge High School,2025-11,16,0,1
125539,Pinon Ridge High School,2026-05,16,1,0
133725,Juniper Canyon Middle School,2025-12,15,2,1
100071,Pinon Ridge High School,2026-03,17,0,0
126170,Juniper Canyon Middle School,2025-08,15,1,2
123872,Juniper Canyon Middle School,2025-08,15,0,0
110504,Pinon Ridge High School,2026-05,16,0,1
119076,Pinon Ridge High School,2026-01,19,1,1
122409,Juniper Canyon Middle School,2025-12,15,0,0
122582,Pinon Ridge High School,2026-02,19,0,0
108491,Juniper Canyon Middle School,2026-02,19,2,0
138385,Juniper Canyon Middle School,2025-12,15,0,1
136558,Pinon Ridge High School,2025-08,15,0,0
101625,Juniper Canyon Middle School,2025-11,16,1,0
131306,Pinon Ridge High School,2025-08,15,0,0
134731,Juniper Canyon Middle School,2026-02,19,0,0
100071,Pinon Ridge High School,2025-12,15,0,1
139352,Pinon Ridge High School,2025-11,16,1,1
118547,Pinon Ridge High School,2025-09,21,1,0
124333,Juniper Canyon Middle School,2026-01,19,3,1
121847,Juniper Canyon Middle School,2025-10,22,1,1
101833,Pinon Ridge High School,2025-11,16,0,0
115649,Pinon Ridge High School,2025-10,22,0,1
104512,Pinon Ridge High School,2026-01,19,1,2
137254,Juniper Canyon Middle School,2025-08,15,0,0
138385,Juniper Canyon Middle School,2026-03,17,0,2
104449,Pinon Ridge High School,2025-11,16,0,1
114511,Juniper Canyon Middle School,2025-11,16,0,0
101833,Pinon Ridge High School,2026-02,19,0,1
101386,Pinon Ridge High School,2026-02,19,2,0
104186,Juniper Canyon Middle School,2025-12,15,2,0
139707,Juniper Canyon Middle School,2026-04,1,0,0
114006,Pinon Ridge High School,2025-12,15,0,0
130392,Pinon Ridge High School,2026-02,19,0,0
139447,Juniper Canyon Middle School,2026-05,16,0,1
105646,Pinon Ridge High School,2026-01,19,0,1
119266,Pinon Ridge High School,2026-01,19,0,1
137772,Pinon Ridge High School,2025-10,22,0,2
121847,Juniper Canyon Middle School,2026-01,19,0,0
109984,Pinon Ridge High School,2026-04,22,2,0
122398,Pinon Ridge High School,2025-11,16,0,0
134281,Pinon Ridge High School,2026-05,16,0,1
128970,Pinon Ridge High School,2025-11,16,0,0
123160,Pinon Ridge High School,2026-02,19,0,1
130460,Pinon Ridge High School,2025-08,15,0,0
131010,Piñon Ridge High School,2026-02,19,0,0
104449,Pinon Ridge High School,2025-08,15,1,1
126480,Pinon Ridge High School,2025-09,21,1,1
134281,Pinon Ridge High School,2026-02,19,0,0
102710,Pinon Ridge High School,2026-01,19,1,0
129782,Pinon Ridge High School,2026-03,17,1,0
121394,Juniper Canyon Middle School,2025-12,15,0,0
126264,Pinon Ridge High School,2026-02,19,0,0
105117,Pinon Ridge High School,2025-12,15,0,0
131010,Pinon Ridge High School,2025-09,21,2,0
121328,Juniper Canyon Middle School,2026-04,22,0,0
138886,Pinon Ridge High School,2025-11,16,0,0
116494,Juniper Canyon Middle School,2026-02,19,0,0
139303,Pinon Ridge High School,2026-01,19,0,1
126653,Juniper Canyon Middle School,2025-08,15,0,0
139707,Juniper Canyon Middle School,2025-08,15,0,0
101386,Pinon Ridge High School,2026-02,19,2,0
139707,Juniper Canyon MS,2026-02,19,1,2
107192,Pinon Ridge High School,2026-02,19,0,0
134731,Juniper Canyon Middle School,2025-12,15,0,0
131306,Pinon Ridge High School,2025-11,16,0,0
128613,Juniper Canyon Middle School,2025-09,21,0,0
121394,Juniper Canyon Middle School,2025-10,22,0,0
113342,Pinon Ridge High School,2026-03,17,1,1
109833,Juniper Canyon Middle School,2025-11,16,0,1
131010,Piñon Ridge High School,2026-02,19,0,0
111448,Juniper Canyon Middle School,2026-05,16,0,1
122398,Pinon Ridge High School,2026-05,16,0,0
130992,Juniper Canyon Middle School,2026-05,16,2,2
123160,Pinon Ridge High School,2025-08,15,0,0
126170,Juniper Canyon Middle School,2026-03,17,1,1
128694,Juniper Canyon Middle School,2025-10,22,0,1
139303,Pinon Ridge High School,2026-03,17,0,1
108699,Juniper Canyon Middle School,2026-05,16,0,0
110504,Pinon Ridge High School,2026-02,19,0,0
136558,Pinon Ridge High School,2025-09,21,0,1
125525,Pinon Ridge High School,2026-04,22,0,0
101386,Pinon Ridge High School,2025-08,15,4,2
121847,Juniper Canyon Middle School,2026-04,22,0,2
124078,Juniper Canyon Middle School,2025-12,15,2,4
132220,Pinon Ridge High School,2025-10,22,1,0
104186,Juniper Canyon Middle School,2025-11,16,3,1
102014,Juniper Canyon MS,2025-10,22,0,0
104186,Juniper Canyon Middle School,2025-10,22,5,3
114556,Pinon Ridge High School,2026-01,19,0,0
128613,Juniper Canyon Middle School,2026-02,19,0,0
120042,Juniper Canyon Middle School,2025-10,22,1,0
101625,Juniper Canyon Middle School,2025-10,22,0,1
119612,Juniper Canyon Middle School,2026-01,19,1,0
126947,Piñon Ridge High School,2025-09,21,0,1
129404,Pinon Ridge High School,2025-08,15,0,2
102424,Juniper Canyon Middle School,2025-09,21,0,0
109984,Pinon Ridge High School,2025-12,15,2,0
128970,Pinon Ridge High School,2025-08,15,0,0
121394,Juniper Canyon Middle School,2025-09,21,0,0
108491,Juniper Canyon Middle School,2025-12,15,0,1
121562,Juniper Canyon Middle School,2026-02,19,0,1
138102,Pinon Ridge High School,2026-03,17,0,0
132220,Pinon Ridge High School,2025-12,15,1,1
104075,Juniper Canyon Middle School,2025-09,21,1,2
116494,Juniper Canyon Middle School,2025-09,21,0,0
105953,Pinon Ridge High School,2026-04,22,0,0
134624,Juniper Canyon Middle School,2025-10,22,2,3
138102,Pinon Ridge High School,2025-11,16,0,0
137254,Juniper Canyon Middle School,2025-09,21,0,0
139707,JUNIPER CANYON MIDDLE SCHOOL,2026-03,17,0,1
105953,Pinon Ridge High School,2026-02,19,0,1
132314,Pinon Ridge High School,2025-09,21,0,6
116494,Juniper Canyon Middle School,2025-12,15,0,0
132220,Pinon Ridge High School,2025-08,15,1,0
126480,Pinon Ridge High School,2026-01,19,0,0
114511,Juniper Canyon Middle School,2026-02,19,1,0
129782,Pinon Ridge High School,2026-01,19,2,3
121592,Juniper Canyon Middle School,2026-03,17,0,0
103438,Pinon Ridge High School,2026-05,16,0,0
139352,Pinon Ridge High School,2026-02,19,2,1
117325,Juniper Canyon Middle School,2025-12,15,1,0
105213,Pinon Ridge High School,2026-01,19,1,5
137772,Pinon Ridge High School,2026-04,22,0,0
133908,Juniper Canyon MS,2026-02,19,0,0
116879,Pinon Ridge High School,2025-12,15,1,4
110007,Pinon Ridge High School,2026-02,19,0,0
126653,Juniper Canyon Middle School,2026-01,19,1,1
115396,Pinon Ridge High School,2025-09,21,1,2
114006,Pinon Ridge High School,2026-05,16,0,1
131208,Pinon Ridge High School,2026-02,19,6,1
130460,Pinon Ridge High School,2026-02,19,0,0
132692,Pinon Ridge High School,2026-03,17,2,0
104512,Pinon Ridge High School,2026-04,22,3,2
101269,Pinon Ridge High School,2025-10,22,0,0
139447,Juniper Canyon Middle School,2026-02,19,0,1
102424,Juniper Canyon Middle School,2026-02,19,1,0
130992,Juniper Canyon Middle School,2025-08,15,1,1
100071,Pinon Ridge High School,2026-02,19,1,0
104449,Pinon Ridge High School,2026-02,19,0,2
126480,Pinon Ridge High School,2026-04,22,0,0
117119,Juniper Canyon Middle School,2025-08,15,0,0
106058,Pinon Ridge HS,2026-02,19,0,0
123273,Pinon Ridge High School,2025-10,22,0,2
139447,Juniper Canyon Middle School,2026-04,22,1,0
102424,Juniper Canyon Middle School,2025-08,15,0,0
132314,Pinon Ridge High School,2026-02,19,4,2
101833,Pinon Ridge High School,2026-02,19,0,1
126264,Pinon Ridge High School,2025-11,16,0,0
123273,Pinon Ridge High School,2026-01,19,0,1
125234,Pinon Ridge High School,2025-09,21,1,2
131010,Pinon Ridge High School,2025-10,22,0,0
134281,Pinon Ridge High School,2026-02,19,0,0
100100,Pinon Ridge High School,2025-08,15,1,0
101833,Pinon Ridge High School,2026-05,16,0,0
118316,Juniper Canyon Middle School,2026-05,16,1,0
109833,Juniper Canyon Middle School,2026-05,16,1,0
129861,Pinon Ridge High School,2025-08,15,1,1
102424,Juniper Canyon Middle School,2026-03,17,0,0
126982,Pinon Ridge HS,2025-12,15,2,0
106564,Pinon Ridge High School,2026-03,17,1,1
108551,Pinon Ridge HS,2025-10,22,0,0
117796,Pinon Ridge High School,2025-10,22,2,0
125525,Pinon Ridge High School,2025-11,16,0,0
105646,Pinon Ridge High School,2025-11,16,0,0
117505,Pinon Ridge High School,2026-01,19,0,1
136659,Pinon Ridge High School,2026-05,16,0,0
122386,Juniper Canyon Middle School,2025-09,21,0,0
108491,Juniper Canyon Middle School,2025-11,16,3,1
119076,Pinon Ridge High School,2025-11,16,1,1
100100,Pinon Ridge High School,2026-02,19,0,2
138886,Pinon Ridge High School,2025-10,22,0,1
129141,Juniper Canyon Middle School,2026-01,19,2,3
125525,Pinon Ridge High School,2025-10,22,0,0
104576,Pinon Ridge High School,2025-11,16,2,0
124333,Juniper Canyon Middle School,2026-02,19,0,1
114556,Pinon Ridge High School,2025-10,22,0,0
130392,Piñon Ridge High School,2025-08,15,0,1
131010,Pinon Ridge High School,2026-03,17,1,1
119076,Pinon Ridge High School,2025-08,15,2,2
138886,Pinon Ridge High School,2026-02,8,0,0
121562,Juniper Canyon Middle School,2026-05,16,0,0
126982,Pinon Ridge High School,2025-09,21,0,1
109470,Juniper Canyon Middle School,2025-09,21,0,1
134353,Pinon Ridge High School,2026-05,16,0,1
130392,Pinon Ridge High School,2026-05,16,0,1
124078,Juniper Canyon Middle School,2025-09,21,0,3
129861,Pinon Ridge High School,2025-11,16,1,1
105953,Pinon Ridge High School,2026-01,19,0,0
110723,Juniper Canyon Middle School,2026-02,19,0,2
123273,Pinon Ridge High School,2026-02,19,0,1
133725,Juniper Canyon Middle School,2025-08,15,0,3
125993,Juniper Canyon Middle School,2026-01,19,0,0
118547,Pinon Ridge High School,2025-12,15,1,0
132314,Pinon Ridge High School,2026-05,16,5,2
104449,Pinon Ridge High School,2026-01,19,2,1
120042,Juniper Canyon MS,2026-05,16,1,0
124078,Juniper Canyon Middle School,2026-02,19,1,2
126947,Pinon Ridge High School,2026-05,16,1,0
108838,Pinon Ridge High School,2025-08,15,1,0
133908,Juniper Canyon Middle School,2025-11,16,0,0
107954,Juniper Canyon Middle School,2025-10,22,0,0
104678,Juniper Canyon Middle School,2025-11,16,1,1
107192,Pinon Ridge High School,2026-04,22,1,0
125401,Juniper Canyon Middle School,2026-01,19,1,0
102424,Juniper Canyon Middle School,2026-01,19,0,0
126264,Pinon Ridge High School,2025-10,22,0,2
111448,Juniper Canyon Middle School,2026-04,22,1,0
134731,Juniper Canyon Middle School,2026-04,22,0,0
109578,Juniper Canyon Middle School,2026-03,17,0,0
115649,Pinon Ridge High School,2026-02,19,1,0
106564,Pinon Ridge High School,2025-11,16,0,0
126733,Juniper Canyon Middle School,2026-03,17,0,2
122452,Juniper Canyon Middle School,2025-11,16,0,0
134731,Juniper Canyon Middle School,2025-09,21,0,0
124078,Juniper Canyon Middle School,2025-10,22,1,0
114511,Juniper Canyon Middle School,2025-12,15,0,0
134731,Juniper Canyon Middle School,2025-10,22,0,0
126709,Pinon Ridge High School,2026-05,16,1,0
106058,Pinon Ridge High School,2025-11,16,1,0
122409,JUNIPER CANYON MIDDLE SCHOOL,2025-08,15,1,1
101677,Pinon Ridge High School,2025-12,15,2,4
130992,Juniper Canyon Middle School,2025-10,22,1,2
100926,Pinon Ridge High School,2025-09,21,0,0
129861,Pinon Ridge High School,2026-04,22,2,0
118000,Pinon Ridge High School,2025-08,15,1,0
122582,Pinon Ridge High School,2026-01,19,0,0
122398,Pinon Ridge High School,2025-09,21,0,0
125525,Pinon Ridge High School,2026-05,16,0,0
107954,Juniper Canyon Middle School,2025-09,21,0,0
137772,Pinon Ridge High School,2026-02,19,0,1
136659,Pinon Ridge High School,2025-09,21,0,0
138385,Juniper Canyon Middle School,2026-02,19,1,2
123872,Juniper Canyon Middle School,2025-09,21,0,0
117325,Juniper Canyon Middle School,2025-08,15,1,0
106058,Pinon Ridge High School,2026-05,16,0,1
134179,Pinon Ridge High School,2026-05,16,0,0
137772,Pinon Ridge High School,2025-08,15,0,0
110723,Juniper Canyon Middle School,2025-08,15,1,3
139538,Pinon Ridge High School,2026-03,17,0,0
100926,Pinon Ridge High School,2026-04,22,0,0
130260,Piñon Ridge High School,2026-02,19,0,0
130260,Pinon Ridge High School,2025-12,15,0,0
101386,Pinon Ridge High School,2026-05,16,4,4
122266,Pinon Ridge High School,2026-01,19,0,2
124078,Juniper Canyon Middle School,2026-04,22,0,2
127910,Juniper Canyon Middle School,2025-11,16,0,1
104678,Juniper Canyon Middle School,2025-08,15,2,0
103897,Pinon Ridge High School,2026-02,19,0,0
111491,Juniper Canyon Middle School,2026-03,17,0,2
109833,Juniper Canyon Middle School,2025-08,15,0,0
138337,Juniper Canyon Middle School,2025-11,16,0,0
104576,Pinon Ridge High School,2026-02,19,0,0
137772,Pinon Ridge High School,2025-09,21,0,0
125525,Pinon Ridge High School,2025-08,15,0,0
109984,Pinon Ridge HS,2025-11,16,2,0
125382,Pinon Ridge High School,2026-04,22,0,0
118316,Juniper Canyon Middle School,2026-01,19,0,0
104075,Juniper Canyon Middle School,2026-03,17,2,0
139707,Juniper Canyon Middle School,2026-01,19,1,0
134179,Pinon Ridge High School,2025-10,22,0,0
115649,Pinon Ridge High School,2026-03,17,1,0
100801,Pinon Ridge High School,2026-01,19,0,0
105249,Juniper Canyon Middle School,2026-04,22,0,0
122582,Pinon Ridge High School,2025-09,21,0,1
101269,Piñon Ridge High School,2025-08,15,0,0
132692,Pinon Ridge High School,2026-01,19,0,0
105787,Juniper Canyon Middle School,2025-12,15,0,0
139352,Pinon Ridge High School,2025-09,21,2,1
134353,Pinon Ridge High School,2026-02,19,2,0
120030,Juniper Canyon Middle School,2026-05,16,1,1
123661,Juniper Canyon Middle School,2025-08,15,0,0
131809,Juniper Canyon Middle School,2026-03,17,1,2
107961,Juniper Canyon Middle School,2025-12,15,0,1
115396,Pinon Ridge High School,2026-02,19,0,0
139303,Pinon Ridge High School,2025-10,22,1,0
132692,Pinon Ridge High School,2026-02,19,0,0
108491,Juniper Canyon Middle School,2025-10,22,3,2
104512,Pinon Ridge High School,2026-02,19,3,1
138385,JUNIPER CANYON MIDDLE SCHOOL,2026-04,22,1,0
129782,Pinon Ridge High School,2025-12,15,0,0
125525,Pinon Ridge High School,2025-12,15,0,1
102014,Juniper Canyon Middle School,2026-01,19,0,1
118547,Pinon Ridge High School,2026-02,19,0,0
101625,Juniper Canyon Middle School,2025-08,15,0,1
118799,Pinon Ridge High School,2025-08,15,5,2
136558,Pinon Ridge High School,2025-10,22,0,1
138102,Pinon Ridge High School,2026-01,19,0,0
126264,Pinon Ridge High School,2025-12,15,0,0
109578,Juniper Canyon Middle School,2026-01,19,0,0
125306,Juniper Canyon Middle School,2025-09,21,0,0
110504,Pinon Ridge HS,2025-09,21,0,1
122398,Pinon Ridge High School,2025-12,15,0,0
117119,Juniper Canyon Middle School,2026-03,17,0,0
131010,Pinon Ridge High School,2026-04,22,0,3
136261,Pinon Ridge High School,2025-08,15,1,1
134748,Pinon Ridge High School,2025-08,15,1,0
100735,Juniper Canyon Middle School,2026-04,22,2,1
112725,Juniper Canyon Middle School,2025-12,15,0,0
110007,Pinon Ridge High School,2026-01,19,0,0
108466,Pinon Ridge High School,2025-09,21,0,0
109578,Juniper Canyon Middle School,2025-12,15,0,0
127910,Juniper Canyon Middle School,2025-08,15,0,0
123160,Pinon Ridge High School,2026-04,22,1,0
126170,Juniper Canyon Middle School,2025-10,22,1,1
109578,Juniper Canyon Middle School,2026-05,16,0,0
137530,Pinon Ridge HS,2026-01,5,3,0
113371,Juniper Canyon Middle School,2026-03,17,2,0
112725,Juniper Canyon Middle School,2026-01,19,0,1
105953,Pinon Ridge High School,2026-02,19,0,1
129404,Pinon Ridge High School,2026-05,16,0,0
122266,Pinon Ridge High School,2025-12,15,0,2
117505,Pinon Ridge High School,2026-02,19,1,4
133908,Juniper Canyon Middle School,2025-12,15,0,0
134281,Pinon Ridge High School,2025-08,15,1,0
137254,Juniper Canyon Middle School,2026-03,17,1,0
102424,Juniper Canyon Middle School,2025-11,16,0,0
109833,Juniper Canyon Middle School,2025-12,15,0,1
132213,Juniper Canyon Middle School,2026-02,19,2,0
139352,Pinon Ridge High School,2026-03,17,2,3
101833,Pinon Ridge High School,2025-10,22,0,0
109984,Pinon Ridge High School,2025-09,21,0,2
117796,Pinon Ridge High School,2026-01,19,0,0
138886,Pinon Ridge High School,2026-02,8,0,0
126709,Pinon Ridge High School,2026-01,19,0,0
120030,Juniper Canyon Middle School,2025-09,21,1,0
108491,Juniper Canyon Middle School,2026-03,17,0,0
124333,Juniper Canyon Middle School,2025-12,15,2,2
113342,Pinon Ridge High School,2025-10,22,5,1
108491,Juniper Canyon Middle School,2026-01,19,2,0
100735,Juniper Canyon Middle School,2025-08,15,0,0
107954,Juniper Canyon Middle School,2026-04,22,0,1
114927,Pinon Ridge High School,2026-02,19,3,1
101269,Pinon Ridge High School,2026-05,16,0,1
119076,Pinon Ridge High School,2026-02,19,0,0
117505,Pinon Ridge High School,2025-12,15,1,1
121592,Juniper Canyon Middle School,2025-08,15,2,1
134179,Pinon Ridge High School,2025-09,21,1,0
126982,Pinon Ridge High School,2025-11,16,0,1
131306,Pinon Ridge High School,2026-05,16,0,0
129405,Pinon Ridge High School,2026-04,22,0,0
130043,Juniper Canyon Middle School,2026-02,19,2,2
115396,Pinon Ridge High School,2026-04,22,0,2
137254,Juniper Canyon Middle School,2025-11,16,1,0
105953,Pinon Ridge High School,2026-05,16,0,0
111448,Juniper Canyon Middle School,2025-08,15,0,1
131306,Pinon Ridge High School,2026-04,22,0,0
114927,Pinon Ridge High School,2025-12,15,0,2
101269,Pinon Ridge High School,2026-02,19,0,0
123661,Juniper Canyon Middle School,2025-09,21,0,0
116920,Pinon Ridge High School,2025-11,16,0,0
123273,Pinon Ridge High School,2026-04,22,1,2
123160,Pinon Ridge High School,2026-02,19,0,1
105117,Pinon Ridge High School,2026-03,17,2,0
118799,Pinon Ridge High School,2025-11,16,1,6
112725,Juniper Canyon Middle School,2025-08,15,1,0
119266,Pinon Ridge High School,2025-10,22,1,0
134624,Juniper Canyon Middle School,2026-05,16,2,2
123273,Pinon Ridge High School,2025-12,15,2,0
120030,Juniper Canyon Middle School,2026-01,19,1,1
105787,Juniper Canyon Middle School,2026-02,19,0,0
109470,Juniper Canyon Middle School,2025-12,15,0,2
126947,Pinon Ridge High School,2025-10,22,0,0
101625,Juniper Canyon Middle School,2025-09,21,0,0
126733,Juniper Canyon Middle School,2025-10,22,0,0
118000,Pinon Ridge High School,2025-10,22,0,1
101386,Pinon Ridge High School,2026-01,19,4,3
131208,Pinon Ridge High School,2026-05,16,2,0
108466,Pinon Ridge High School,2025-08,15,0,0
111491,Juniper Canyon Middle School,2025-10,22,1,3
114927,Pinon Ridge High School,2025-10,22,1,0
125401,Juniper Canyon Middle School,2026-05,16,0,0
126653,Juniper Canyon Middle School,2025-11,16,1,0
138102,Pinon Ridge High School,2026-05,16,0,0
103897,Pinon Ridge High School,2026-04,22,0,0
110504,Pinon Ridge High School,2026-01,19,0,1
109634,Pinon Ridge HS,2026-02,19,0,0
122398,Pinon Ridge High School,2026-02,19,0,0
122582,Pinon Ridge High School,2026-04,22,0,0
123872,Juniper Canyon Middle School,2026-02,19,0,1
132692,Pinon Ridge High School,2025-12,15,0,0
125525,Pinon Ridge High School,2026-02,19,0,0
106058,Pinon Ridge High School,2026-03,17,0,2
134731,Juniper Canyon Middle School,2025-08,15,0,0
100100,Pinon Ridge High School,2026-01,19,0,0
108491,JUNIPER CANYON MIDDLE SCHOOL,2026-05,16,0,0
101677,Pinon Ridge High School,2025-08,15,1,1
131512,Pinon Ridge High School,2026-05,16,5,2
122452,Juniper Canyon Middle School,2025-09,21,1,0
126982,Pinon Ridge High School,2026-02,19,1,0
117796,Pinon Ridge High School,2026-02,19,2,0
108838,Pinon Ridge High School,2026-02,19,0,2
118547,Pinon Ridge High School,2026-04,22,0,0
134624,Juniper Canyon Middle School,2026-04,22,2,1
117325,Juniper Canyon Middle School,2026-01,19,1,2
106058,Pinon Ridge High School,2026-01,19,0,1
136261,Pinon Ridge High School,2026-01,19,1,2
100926,Pinon Ridge High School,2025-10,22,1,0
108551,Pinon Ridge High School,2025-12,15,0,0
104449,Pinon Ridge High School,2026-04,22,1,0
138886,Pinon Ridge High School,2025-08,15,0,0
117505,Pinon Ridge High School,2025-10,22,1,0
130460,Pinon Ridge High School,2026-03,17,0,0
112905,Juniper Canyon Middle School,2026-04,22,1,0
105249,Juniper Canyon Middle School,2025-12,15,0,0
110007,Pinon Ridge High School,2026-02,19,0,0
105213,Pinon Ridge HS,2025-10,22,3,4
101833,Pinon Ridge High School,2026-03,17,0,0
139707,Juniper Canyon Middle School,2025-12,15,0,0
129141,Juniper Canyon Middle School,2026-04,22,1,5
109634,Pinon Ridge High School,2025-11,16,2,0
126733,Juniper Canyon Middle School,2025-09,21,0,0
138102,Pinon Ridge High School,2025-09,21,0,2
122409,Juniper Canyon Middle School,2026-04,22,2,0
112905,Juniper Canyon Middle School,2025-08,2,0,0
119417,Juniper Canyon Middle School,2026-02,19,0,0
124333,JUNIPER CANYON MIDDLE SCHOOL,2025-10,22,0,3
121562,Juniper Canyon Middle School,2026-04,22,0,2
136558,Pinon Ridge High School,2026-02,19,0,0
126709,Pinon Ridge High School,2025-12,15,0,0
128613,Juniper Canyon Middle School,2025-08,15,0,0
125306,Juniper Canyon Middle School,2026-02,19,1,0
122409,Juniper Canyon Middle School,2025-10,22,3,3
138337,Juniper Canyon Middle School,2025-09,21,0,2
126733,Juniper Canyon Middle School,2026-04,22,0,1
134624,Juniper Canyon Middle School,2025-08,15,1,2
121394,Juniper Canyon Middle School,2026-05,16,0,0
130043,Juniper Canyon Middle School,2026-03,17,1,3
139352,Pinon Ridge High School,2025-08,15,2,0
133908,Juniper Canyon Middle School,2025-09,21,0,0
138385,Juniper Canyon Middle School,2025-10,22,0,1
127810,Juniper Canyon Middle School,2026-04,22,2,3
109984,Pinon Ridge High School,2026-02,19,1,1
100801,Pinon Ridge High School,2026-05,16,0,0
118799,Pinon Ridge High School,2026-02,19,4,24
116494,Juniper Canyon Middle School,2026-01,19,1,0
138102,Pinon Ridge High School,2026-02,19,0,0
100926,Pinon Ridge High School,2026-03,17,1,0
101269,Pinon Ridge High School,2025-09,21,0,1
123109,Pinon Ridge High School,2026-04,22,0,0
133725,Juniper Canyon Middle School,2026-03,17,1,1
126982,Pinon Ridge High School,2026-04,22,0,1
131512,Pinon Ridge High School,2026-03,17,0,5
122409,Juniper Canyon Middle School,2026-02,19,1,0
101269,Pinon Ridge High School,2026-03,17,0,0
130043,Juniper Canyon Middle School,2026-01,19,1,2
105117,Pinon Ridge High School,2026-04,22,1,0
131809,Juniper Canyon Middle School,2026-04,22,0,0
123872,Juniper Canyon Middle School,2026-01,19,1,1
131208,Pinon Ridge High School,2025-11,16,3,0
121562,Juniper Canyon Middle School,2025-09,21,0,1
127810,Juniper Canyon Middle School,2025-09,21,4,3
104576,Pinon Ridge High School,2025-08,15,0,1
120042,Juniper Canyon Middle School,2025-12,15,0,1
131208,Pinon Ridge High School,2026-04,22,1,5
107961,Juniper Canyon Middle School,2026-04,22,0,0
128970,Pinon Ridge High School,2026-04,22,0,0
122266,Pinon Ridge High School,2025-11,16,0,0
118316,Juniper Canyon Middle School,2025-09,21,0,0
139352,Pinon Ridge High School,2025-12,15,3,1
114556,Pinon Ridge High School,2025-11,16,0,0
131010,Pinon Ridge High School,2025-12,15,1,2
110504,Pinon Ridge High School,2025-11,16,0,0
126653,Juniper Canyon Middle School,2025-12,15,0,1
101269,Pinon Ridge High School,2025-12,15,0,0
103897,Pinon Ridge High School,2025-11,16,0,0
109984,Pinon Ridge High School,2026-03,17,1,0
121562,Juniper Canyon Middle School,2025-11,16,0,0
123160,Pinon Ridge High School,2025-12,15,2,0
108551,Pinon Ridge High School,2025-11,16,0,1
129141,Juniper Canyon Middle School,2025-11,16,2,2
136659,Pinon Ridge High School,2025-08,15,0,0
132213,Juniper Canyon Middle School,2025-09,21,0,1
116920,Pinon Ridge High School,2026-02,19,2,0
132692,Pinon Ridge High School,2025-10,22,0,0
114556,Pinon Ridge High School,2026-05,16,1,1
108466,Pinon Ridge High School,2025-12,15,0,1
123109,Pinon Ridge High School,2026-01,19,1,1
111448,Juniper Canyon Middle School,2025-11,16,0,0
110007,Pinon Ridge High School,2025-12,15,0,0
130460,Pinon Ridge High School,2025-09,21,0,1
130460,Pinon Ridge High School,2026-05,16,0,0
132220,Pinon Ridge HS,2026-04,22,1,1
116879,Pinon Ridge High School,2026-02,19,2,2
116920,Pinon Ridge High School,2025-10,22,0,0
102710,Pinon Ridge High School,2026-02,19,0,1
101269,Pinon Ridge High School,2026-02,19,0,0
139447,Juniper Canyon Middle School,2025-11,16,0,1
104678,Juniper Canyon Middle School,2025-10,22,0,0
103897,Pinon Ridge High School,2026-02,19,0,0
107954,Juniper Canyon Middle School,2026-02,19,0,0
108699,Juniper Canyon Middle School,2025-09,21,0,0
125789,Juniper Canyon Middle School,2025-09,21,0,0
126170,Juniper Canyon Middle School,2025-09,21,2,0
120030,Juniper Canyon Middle School,2025-12,15,0,2
125539,Pinon Ridge High School,2025-09,21,2,0
104186,Juniper Canyon Middle School,2026-01,19,3,0
113371,Juniper Canyon Middle School,2025-10,22,0,0
101677,Pinon Ridge High School,2026-02,19,5,2
105787,Juniper Canyon Middle School,2026-04,22,0,2
138886,Pinon Ridge High School,2025-09,21,1,1
119417,Juniper Canyon Middle School,2026-05,16,0,1
110007,Pinon Ridge High School,2025-11,16,0,0
116920,Pinon Ridge High School,2026-02,19,2,0
109634,Pinon Ridge High School,2025-09,21,0,0
113371,Juniper Canyon Middle School,2026-04,22,0,0
101625,Juniper Canyon Middle School,2026-01,19,1,0
108699,Juniper Canyon Middle School,2025-11,16,0,1
100926,Pinon Ridge High School,2025-12,15,0,1
121328,Juniper Canyon Middle School,2026-02,19,0,0
126653,Juniper Canyon Middle School,2025-10,22,2,2
122266,Pinon Ridge High School,2025-09,21,0,0
136659,Pinon Ridge High School,2025-12,15,1,0
133725,Juniper Canyon Middle School,2025-10,22,1,1
101625,Juniper Canyon Middle School,2026-04,22,0,0
114556,Pinon Ridge High School,2026-02,19,0,0
107961,Juniper Canyon Middle School,2026-02,19,1,0
105827,Juniper Canyon Middle School,2026-04,22,0,1
130460,Pinon Ridge High School,2025-11,16,0,0
109634,Pinon Ridge High School,2025-12,15,0,0
118547,Pinon Ridge High School,2026-02,19,0,0
136558,Pinon Ridge High School,2026-01,19,0,2
139538,Pinon Ridge High School,2026-02,19,1,0
126480,Pinon Ridge High School,2026-05,16,0,2
108551,Pinon Ridge High School,2026-02,19,0,2
125306,Juniper Canyon Middle School,2026-01,19,0,0
105249,Juniper Canyon Middle School,2026-02,19,0,0
125789,Juniper Canyon MS,2026-05,16,0,0
100071,Pinon Ridge High School,2026-02,19,1,0
125539,Pinon Ridge High School,2026-03,17,0,0
105827,Juniper Canyon MS,2026-02,19,0,0
132213,Juniper Canyon Middle School,2025-12,15,0,0
128613,Juniper Canyon Middle School,2025-12,15,0,0
134179,Pinon Ridge High School,2025-08,15,1,0
125306,Juniper Canyon Middle School,2025-12,15,0,0
129405,Pinon Ridge High School,2026-02,19,0,1
138337,Juniper Canyon Middle School,2026-01,19,0,1
132220,Pinon Ridge High School,2025-11,16,2,1
129141,Juniper Canyon Middle School,2026-05,16,4,4
108491,Juniper Canyon Middle School,2025-09,21,1,0
125993,Juniper Canyon Middle School,2026-02,19,0,0
119266,Pinon Ridge High School,2026-02,19,0,1
119612,Juniper Canyon Middle School,2025-09,11,0,0
139538,Pinon Ridge High School,2025-12,15,0,0
122398,Pinon Ridge High School,2025-10,22,0,0
125234,Pinon Ridge High School,2025-12,2,0,0
121847,Juniper Canyon Middle School,2025-11,16,0,3
120030,Juniper Canyon Middle School,2026-04,22,0,1
130043,Juniper Canyon Middle School,2025-12,15,1,3
106564,Pinon Ridge HS,2025-08,15,0,0
134748,Pinon Ridge High School,2025-11,7,0,0
109470,Juniper Canyon Middle School,2026-02,19,0,1
101677,Pinon Ridge High School,2026-02,19,5,2
102710,Pinon Ridge High School,2026-03,17,0,1
131512,Pinon Ridge High School,2025-10,22,2,4
112905,Juniper Canyon Middle School,2026-01,19,0,0
134748,Pinon Ridge High School,2025-10,22,0,0
130043,Juniper Canyon Middle School,2026-04,22,4,2
127910,Juniper Canyon Middle School,2025-09,21,0,0
109470,Juniper Canyon Middle School,2026-01,19,1,0
115396,Pinon Ridge High School,2026-03,17,0,0
132314,Pinon Ridge High School,2026-03,17,4,4
139352,Pinon Ridge High School,2026-04,22,3,3
114556,Pinon Ridge High School,2025-08,15,0,0
124333,Juniper Canyon Middle School,2026-04,22,2,1
127810,Juniper Canyon Middle School,2025-10,22,2,5
105646,Pinon Ridge High School,2025-08,15,0,0
116494,Juniper Canyon Middle School,2025-10,22,0,0
108466,Pinon Ridge High School,2025-10,22,0,0
104678,Juniper Canyon Middle School,2026-03,17,2,0
100431,Pinon Ridge High School,2026-01,3,0,0
100801,Pinon Ridge High School,2025-10,22,0,1
131512,Pinon Ridge High School,2026-02,19,1,3
112905,Juniper Canyon Middle School,2025-11,16,1,1
108491,Juniper Canyon Middle School,2026-04,22,1,1
121592,Juniper Canyon Middle School,2026-05,16,2,0
110723,Juniper Canyon Middle School,2026-01,19,2,3
109578,JUNIPER CANYON MIDDLE SCHOOL,2025-11,16,0,0
117325,Juniper Canyon Middle School,2025-10,22,2,0
118799,Pinon Ridge High School,2026-03,17,3,3
121394,Juniper Canyon Middle School,2026-02,19,0,0
118316,Juniper Canyon Middle School,2025-10,22,0,2
130460,Pinon Ridge High School,2025-12,15,0,0
104678,Juniper Canyon Middle School,2025-12,15,2,0
106564,Pinon Ridge High School,2025-12,15,1,0
104075,Juniper Canyon Middle School,2026-01,19,0,0
139352,Pinon Ridge High School,2026-05,16,2,0
125234,Pinon Ridge High School,2025-08,15,0,0
125539,Pinon Ridge High School,2026-04,22,0,3
125539,Pinon Ridge High School,2025-08,15,0,1
132692,Pinon Ridge High School,2025-09,21,0,24
130460,Pinon Ridge High School,2026-02,19,0,0
129782,Pinon Ridge High School,2026-04,22,1,0
117325,Juniper Canyon Middle School,2025-09,21,1,0
104678,Juniper Canyon Middle School,2026-02,19,1,1
132213,JUNIPER CANYON MIDDLE SCHOOL,2026-05,16,0,1
106058,Pinon Ridge High School,2025-09,21,1,2
125382,Pinon Ridge High School,2025-08,15,0,0
131809,Juniper Canyon Middle School,2026-01,19,0,1
132220,Pinon Ridge High School,2026-02,19,1,3
118799,Pinon Ridge High School,2026-01,19,1,4
125789,Juniper Canyon Middle School,2026-02,19,0,0
117505,Pinon Ridge High School,2025-11,16,1,3
104512,Pinon Ridge High School,2025-09,21,4,1
133725,Juniper Canyon Middle School,2025-09,21,0,1
126982,Pinon Ridge High School,2025-08,15,0,0
126653,Juniper Canyon MS,2026-05,16,2,2
131208,Pinon Ridge High School,2026-03,17,2,5
134179,Pinon Ridge High School,2026-01,19,0,0
117119,Juniper Canyon Middle School,2025-12,15,1,2
130762,Juniper Canyon Middle School,2025-08,15,0,0
129861,Pinon Ridge High School,2026-05,16,0,0
132314,Pinon Ridge High School,2026-02,19,4,2
138337,Juniper Canyon Middle School,2026-04,22,1,1
124078,Juniper Canyon Middle School,2026-05,16,1,5
100735,Juniper Canyon Middle School,2025-11,16,1,0
126733,Juniper Canyon Middle School,2026-01,19,0,1
102710,Pinon Ridge High School,2025-11,16,1,0
111448,Juniper Canyon Middle School,2026-02,19,0,0
136261,Pinon Ridge High School,2025-11,16,1,1
105117,Pinon Ridge High School,2026-02,19,1,0
124078,Juniper Canyon Middle School,2025-08,15,0,0
113371,Juniper Canyon Middle School,2025-11,16,1,0
107961,Juniper Canyon Middle School,2026-01,19,0,0
118799,Pinon Ridge High School,2026-05,16,2,1
125539,Pinon Ridge High School,2025-11,16,0,0
121592,Juniper Canyon Middle School,2026-01,19,2,3
131208,Pinon Ridge High School,2025-08,15,3,2
106058,Pinon Ridge High School,2025-08,15,0,1
102014,Juniper Canyon Middle School,2025-11,16,0,0
112725,Juniper Canyon Middle School,2026-04,22,1,1
111491,Juniper Canyon Middle School,2026-04,22,1,3
129861,Piñon Ridge High School,2025-09,21,2,0
118547,Pinon Ridge High School,2025-11,16,0,1
131809,Juniper Canyon Middle School,2026-02,19,0,0
114006,Pinon Ridge HS,2026-02,19,1,0
122452,Juniper Canyon Middle School,2025-10,22,1,0
113342,Pinon Ridge High School,2026-02,19,2,1
104512,Pinon Ridge High School,2025-11,16,0,1
107961,Juniper Canyon Middle School,2025-09,4,0,0
134624,Juniper Canyon Middle School,2026-01,19,0,4
110007,Pinon Ridge High School,2026-04,22,0,0
103897,Pinon Ridge High School,2026-03,17,1,0
119076,Pinon Ridge High School,2025-10,22,0,1
104449,Pinon Ridge High School,2025-09,21,1,0
119266,Pinon Ridge High School,2026-04,22,0,0
102014,Juniper Canyon Middle School,2026-02,19,1,0
120030,Juniper Canyon Middle School,2026-02,19,1,0
118000,Pinon Ridge High School,2026-03,17,0,0
111448,Juniper Canyon Middle School,2026-03,17,0,1
115649,Pinon Ridge High School,2025-08,15,1,1
120042,Juniper Canyon Middle School,2026-01,19,0,1
131208,Pinon Ridge High School,2026-01,19,3,2
108551,Pinon Ridge High School,2026-04,22,2,1
122386,Juniper Canyon Middle School,2025-12,15,0,0
128694,Juniper Canyon Middle School,2025-08,15,0,0
110723,Juniper Canyon Middle School,2025-09,21,1,2
118316,Juniper Canyon Middle School,2026-03,17,0,0
122386,Juniper Canyon Middle School,2026-01,19,0,0
102014,Juniper Canyon Middle School,2026-05,16,1,0
137530,Pinon Ridge HS,2025-11,16,2,1
108699,Juniper Canyon Middle School,2025-12,15,0,2
113342,Pinon Ridge High School,2026-01,19,1,0
137772,Pinon Ridge High School,2026-05,16,1,1
119076,Pinon Ridge High School,2025-12,15,1,3
130043,Juniper Canyon Middle School,2025-11,16,1,1
119417,Juniper Canyon Middle School,2025-10,6,0,0
106564,Pinon Ridge High School,2025-09,21,1,0
116879,Pinon Ridge High School,2025-09,21,2,1
138102,Pinon Ridge High School,2026-02,19,0,0
119612,Juniper Canyon Middle School,2026-05,16,0,0
132213,Juniper Canyon Middle School,2025-08,15,1,0
123109,Pinon Ridge High School,2025-10,22,0,1
115649,Pinon Ridge High School,2026-04,22,1,0
125539,Piñon Ridge High School,2025-12,15,0,0
131306,Pinon Ridge High School,2026-02,19,0,1
125382,Pinon Ridge High School,2026-05,16,0,0
103438,Pinon Ridge High School,2026-03,17,0,0
110504,Pinon Ridge High School,2025-12,15,0,0
132213,Juniper Canyon Middle School,2026-04,22,0,1
114927,Pinon Ridge High School,2026-04,22,0,0
115396,Pinon Ridge High School,2026-05,16,0,1
100735,Juniper Canyon Middle School,2026-03,17,1,1
122266,Pinon Ridge High School,2025-10,22,2,0
134624,Juniper Canyon Middle School,2025-12,15,1,0
109833,Juniper Canyon Middle School,2026-03,17,2,0
129782,Pinon Ridge High School,2026-02,19,1,0
109833,Juniper Canyon Middle School,2025-10,22,0,1
121328,Juniper Canyon Middle School,2025-10,22,0,1
122582,Pinon Ridge High School,2025-12,15,0,0
112905,Juniper Canyon Middle School,2026-02,19,1,0
110504,Pinon Ridge High School,2025-10,22,1,0
100100,Pinon Ridge High School,2025-09,21,0,1
122398,Pinon Ridge High School,2026-02,19,0,0
126653,Juniper Canyon Middle School,2026-04,22,1,0
138337,Juniper Canyon Middle School,2026-05,16,0,2
128970,Pinon Ridge High School,2026-01,19,0,1
108699,Juniper Canyon Middle School,2026-02,19,1,0
126982,Pinon Ridge High School,2026-02,19,1,0
113342,Pinon Ridge High School,2025-11,16,2,4
113371,Juniper Canyon Middle School,2025-12,15,0,0
131208,Pinon Ridge High School,2025-09,21,3,4
115649,Pinon Ridge High School,2025-11,16,0,1
108838,Pinon Ridge High School,2025-11,16,0,0
105249,Juniper Canyon Middle School,2025-09,21,0,0
106564,Pinon Ridge High School,2026-05,16,0,0
125401,Juniper Canyon Middle School,2026-03,17,0,0
127810,Juniper Canyon Middle School,2025-11,16,3,2
117505,Pinon Ridge High School,2025-09,21,2,1
139538,Pinon Ridge High School,2025-11,16,1,0
132692,Pinon Ridge High School,2025-08,15,0,0
102710,Pinon Ridge High School,2026-04,22,0,3
129405,Pinon Ridge High School,2025-08,15,1,1
139447,Juniper Canyon Middle School,2026-03,17,0,1
110007,Pinon Ridge High School,2025-10,22,0,1
139538,Pinon Ridge High School,2025-09,21,0,1
126709,Pinon Ridge High School,2026-02,19,0,0
125306,Juniper Canyon Middle School,2025-11,16,0,0
108838,Pinon Ridge High School,2025-10,22,2,3
101386,Pinon Ridge High School,2025-12,15,2,2
110504,Pinon Ridge High School,2026-03,17,1,0
129141,Juniper Canyon Middle School,2025-10,22,4,0
136659,Pinon Ridge High School,2026-01,19,0,1
116879,Pinon Ridge High School,2026-03,17,3,4
103438,Pinon Ridge High School,2026-01,19,0,0
122452,Juniper Canyon Middle School,2026-02,15,1,1
134179,Pinon Ridge High School,2025-12,15,0,0
108838,Pinon Ridge High School,2026-04,22,4,3
130992,Juniper Canyon Middle School,2025-09,21,0,0
125401,Juniper Canyon Middle School,2025-09,21,0,0
122409,Juniper Canyon Middle School,2026-01,19,2,0
105117,Pinon Ridge High School,2025-10,22,0,0
107954,Juniper Canyon Middle School,2026-01,19,1,0
105787,Juniper Canyon Middle School,2025-10,22,0,1
103897,Pinon Ridge High School,2026-01,19,1,0
105827,Juniper Canyon Middle School,2025-09,21,1,0
126709,Pinon Ridge High School,2025-11,16,0,0
100071,Pinon Ridge High School,2025-11,16,0,0
128970,Pinon Ridge High School,2025-12,15,0,0
110723,Juniper Canyon Middle School,2025-12,15,1,3
123661,Juniper Canyon Middle School,2026-04,22,1,0
126480,Pinon Ridge High School,2026-02,19,0,0
108551,Pinon Ridge High School,2026-05,16,0,0
130992,Juniper Canyon Middle School,2026-01,19,0,2
122398,Pinon Ridge High School,2026-01,19,0,0
125993,Juniper Canyon Middle School,2025-12,15,0,0
103438,Piñon Ridge High School,2025-12,15,2,0
122386,Juniper Canyon Middle School,2026-05,16,0,1
118316,Juniper Canyon Middle School,2026-04,22,1,0
108551,Pinon Ridge High School,2026-03,17,1,1
126709,Pinon Ridge High School,2026-02,19,0,0
108838,Pinon Ridge High School,2026-03,17,1,1
132213,Juniper Canyon Middle School,2025-11,16,0,0
126480,Pinon Ridge High School,2025-08,15,1,0
117796,Pinon Ridge High School,2026-02,19,2,0
131208,Pinon Ridge High School,2025-12,15,1,1
130460,Pinon Ridge High School,2025-10,22,0,0
132314,Pinon Ridge High School,2025-11,16,1,5
134353,Pinon Ridge HS,2026-03,17,0,0
119266,Pinon Ridge High School,2025-12,15,0,0
106058,Pinon Ridge High School,2025-10,22,0,1
122582,Pinon Ridge High School,2026-02,19,0,0
134179,Pinon Ridge High School,2026-04,22,1,0
139538,Pinon Ridge High School,2026-05,16,0,0
118000,Pinon Ridge High School,2026-04,22,0,1
103897,Pinon Ridge High School,2026-05,16,0,1
108699,Juniper Canyon Middle School,2025-10,22,1,1
105827,Juniper Canyon Middle School,2026-05,16,0,0
107192,Pinon Ridge High School,2025-12,15,0,0
112905,Juniper Canyon Middle School,2026-05,16,0,1
119612,Juniper Canyon Middle School,2025-11,16,1,0
104186,Juniper Canyon Middle School,2026-05,16,1,4
109578,Juniper Canyon Middle School,2026-02,19,0,2
105787,Juniper Canyon Middle School,2025-09,21,0,0
117325,Juniper Canyon Middle School,2025-11,16,1,2
121592,Juniper Canyon Middle School,2025-12,15,2,2
126733,Juniper Canyon Middle School,2025-12,15,0,0
119266,Pinon Ridge HS,2025-11,16,0,0
100071,Pinon Ridge High School,2026-05,16,0,1
112725,Juniper Canyon Middle School,2026-03,17,0,1
133725,Juniper Canyon Middle School,2026-02,19,0,0
123872,Juniper Canyon Middle School,2025-11,16,1,1
115396,Pinon Ridge High School,2026-01,19,1,1
104512,Pinon Ridge High School,2026-02,19,3,1
125401,Juniper Canyon Middle School,2025-10,22,0,0
134731,Juniper Canyon Middle School,2026-01,19,0,0
126480,Pinon Ridge High School,2025-11,16,1,0
122452,Juniper Canyon Middle School,2025-08,15,3,0
100735,Juniper Canyon Middle School,2025-12,15,2,1
126264,Pinon Ridge HS,2025-08,15,1,0
129404,Pinon Ridge High School,2025-09,21,2,1
123109,Pinon Ridge High School,2025-11,16,0,0
120030,Juniper Canyon Middle School,2025-10,22,1,0
100926,Pinon Ridge High School,2026-05,16,0,0
129405,Pinon Ridge High School,2025-11,16,0,1
105646,Pinon Ridge High School,2026-03,17,1,0
125382,Pinon Ridge High School,2025-12,15,0,0
134353,Pinon Ridge High School,2025-12,15,1,0
105827,Juniper Canyon Middle School,2025-12,15,1,0
128970,Pinon Ridge High School,2026-05,16,1,0
126947,Pinon Ridge High School,2026-02,19,0,0
105827,Juniper Canyon Middle School,2025-11,16,0,0
111448,Juniper Canyon Middle School,2025-09,21,1,2
125234,Pinon Ridge High School,2025-11,16,1,2
114927,Pinon Ridge High School,2026-03,17,0,0
130762,Juniper Canyon Middle School,2025-10,22,0,0
104678,Juniper Canyon Middle School,2026-04,22,1,2
122266,Pinon Ridge High School,2026-02,19,1,0
122582,Pinon Ridge High School,2025-08,15,1,0
109634,Piñon Ridge High School,2026-03,17,0,0
139707,Juniper Canyon Middle School,2025-10,22,1,0
123160,Pinon Ridge High School,2025-09,21,0,0
100431,Pinon Ridge High School,2025-08,15,0,1
104075,Juniper Canyon Middle School,2026-02,19,1,1
105646,Pinon Ridge High School,2026-02,19,1,1
100735,Juniper Canyon Middle School,2026-02,19,0,1
129405,Pinon Ridge High School,2026-02,19,0,1
103438,Pinon Ridge High School,2025-10,22,0,0
103897,Piñon Ridge High School,2025-12,15,0,0
107192,Pinon Ridge High School,2026-03,17,0,0
100926,Pinon Ridge High School,2025-11,16,0,1
108551,Pinon Ridge High School,2025-09,21,1,1
101677,Pinon Ridge High School,2025-10,22,4,2
105646,Pinon Ridge High School,2026-02,19,1,1
119266,Pinon Ridge High School,2025-08,15,0,0
104075,Juniper Canyon Middle School,2025-08,15,1,1
122452,Juniper Canyon Middle School,2026-01,19,1,1
107192,Pinon Ridge High School,2025-10,22,0,0
122386,Juniper Canyon Middle School,2026-04,22,1,2
111448,Juniper Canyon Middle School,2025-10,22,0,0
117119,Juniper Canyon Middle School,2026-04,22,0,0
131512,Pinon Ridge High School,2026-04,22,3,2
123109,Pinon Ridge High School,2026-02,19,0,1
122266,Pinon Ridge High School,2026-04,22,0,0
106564,Pinon Ridge High School,2026-01,19,0,0
139352,Pinon Ridge High School,2025-10,22,2,3
105953,Pinon Ridge High School,2025-10,22,0,1
114006,Pinon Ridge High School,2026-04,22,0,0
111491,Juniper Canyon MS,2026-02,19,1,1
126264,Piñon Ridge High School,2026-04,22,0,0
108466,Pinon Ridge High School,2026-01,19,0,0
124333,Juniper Canyon Middle School,2026-05,16,2,1
100926,Pinon Ridge High School,2026-02,19,0,0
110007,Pinon Ridge High School,2025-08,15,0,0
123160,Pinon Ridge High School,2025-10,22,0,0
123661,Juniper Canyon Middle School,2025-10,22,0,1
100071,Pinon Ridge High School,2026-01,19,0,0
101625,Juniper Canyon Middle School,2026-05,16,0,0
102014,Juniper Canyon Middle School,2026-03,17,1,0
131306,Pinon Ridge High School,2025-12,15,0,0
130460,Pinon Ridge High School,2026-04,22,2,0
102014,JUNIPER CANYON MIDDLE SCHOOL,2025-08,15,0,1
125993,Juniper Canyon Middle School,2025-08,15,0,0
119266,Pinon Ridge High School,2026-02,19,0,1
134281,Pinon Ridge High School,2026-01,19,0,0
103438,Pinon Ridge High School,2026-02,19,0,0
123160,Pinon Ridge High School,2026-03,17,0,1
134179,Pinon Ridge High School,2026-02,19,1,0
100100,Pinon Ridge High School,2026-03,17,0,1
125234,Pinon Ridge HS,2025-10,22,0,2
108838,Pinon Ridge High School,2025-09,21,1,3
132314,Pinon Ridge High School,2026-04,22,4,4
104512,Pinon Ridge High School,2026-05,16,5,1
125306,Juniper Canyon Middle School,2026-03,17,0,0
136659,Pinon Ridge High School,2026-02,19,0,0
131809,Juniper Canyon Middle School,2025-10,22,2,0
129404,Pinon Ridge High School,2025-12,15,2,0
117119,Juniper Canyon Middle School,2026-02,19,0,0
105787,Juniper Canyon Middle School,2026-05,16,0,0
131010,Pinon Ridge High School,2026-01,19,1,0
129782,Pinon Ridge High School,2025-11,16,0,1
106058,Pinon Ridge High School,2026-04,22,1,0
114511,Juniper Canyon Middle School,2025-09,21,0,0
125306,Juniper Canyon Middle School,2026-05,16,1,0
139447,Juniper Canyon Middle School,2025-08,15,0,0
130762,Juniper Canyon Middle School,2025-12,2,0,0
112725,Juniper Canyon Middle School,2026-05,16,0,1
118000,Pinon Ridge High School,2026-02,19,0,1
121847,Juniper Canyon Middle School,2025-08,15,0,1
105249,Juniper Canyon Middle School,2025-10,22,0,0
123160,Pinon Ridge High School,2026-05,16,0,1
126480,Pinon Ridge High School,2025-12,15,0,0
130043,Juniper Canyon Middle School,2025-09,21,2,3
108699,Juniper Canyon Middle School,2026-03,17,0,1
136261,Pinon Ridge High School,2026-02,19,0,1
129782,Pinon Ridge High School,2026-05,16,0,0
131208,Pinon Ridge High School,2025-10,22,1,1
101386,Pinon Ridge High School,2025-10,22,5,1
138337,Juniper Canyon Middle School,2026-03,17,1,0
129404,Pinon Ridge High School,2026-04,22,0,1
102710,Pinon Ridge High School,2025-09,21,0,1
130260,Piñon Ridge High School,2026-02,19,0,0
114927,Pinon Ridge High School,2026-05,16,2,1
130043,Juniper Canyon Middle School,2025-10,22,2,1
136558,Pinon Ridge High School,2026-03,17,1,0
139303,Pinon Ridge High School,2025-11,16,2,0
125993,Juniper Canyon Middle School,2025-11,16,1,0
117325,Juniper Canyon Middle School,2026-03,17,2,4
104512,Pinon Ridge High School,2025-10,22,2,2
106058,Pinon Ridge HS,2026-02,19,0,0
134281,Pinon Ridge High School,2026-03,17,0,0
109984,Pinon Ridge High School,2025-08,15,0,1
100100,Pinon Ridge High School,2025-12,15,0,0
109833,Juniper Canyon Middle School,2026-02,19,0,0
131306,Pinon Ridge High School,2025-10,22,0,0
132314,Pinon Ridge High School,2025-10,22,2,4
121592,Juniper Canyon Middle School,2025-11,16,0,1
101386,Pinon Ridge High School,2026-03,17,4,3
130260,Pinon Ridge High School,2025-08,15,0,0
130992,Juniper Canyon Middle School,2026-04,22,0,2
126733,Juniper Canyon Middle School,2025-08,15,0,0
116920,Pinon Ridge High School,2025-09,21,0,0
134748,Pinon Ridge High School,2025-09,21,0,0
104075,Juniper Canyon Middle School,2025-11,16,1,2
117505,Pinon Ridge High School,2026-03,17,5,2
125382,Piñon Ridge High School,2026-02,19,0,0
133725,Juniper Canyon Middle School,2026-04,22,1,0
138102,Pinon Ridge High School,2025-08,15,0,0
138337,Juniper Canyon Middle School,2025-10,22,1,1
130260,Pinon Ridge High School,2026-01,19,0,1
101269,Pinon Ridge High School,2025-11,16,0,1
105117,Pinon Ridge High School,2026-01,19,2,0
112725,Juniper Canyon Middle School,2025-11,16,2,1
132220,Pinon Ridge High School,2026-03,17,1,0
125401,Juniper Canyon Middle School,2025-08,15,1,0
116879,Pinon Ridge High School,2026-02,19,2,2
109470,Juniper Canyon Middle School,2026-03,17,1,0
104186,Juniper Canyon Middle School,2025-08,15,2,3
114556,Pinon Ridge High School,2026-02,19,0,0
122409,Juniper Canyon Middle School,2025-09,21,0,3
125306,Juniper Canyon Middle School,2026-04,22,0,1
119266,Pinon Ridge High School,2026-03,17,0,0
126653,Juniper Canyon Middle School,2025-09,21,0,0
116494,Juniper Canyon Middle School,2025-11,16,0,0
125525,Pinon Ridge High School,2026-02,19,0,0
111491,Juniper Canyon Middle School,2025-11,16,2,0
134353,Pinon Ridge High School,2025-09,21,0,0
109634,Pinon Ridge High School,2025-08,15,0,0
121394,Juniper Canyon Middle School,2026-01,19,0,0
108466,Pinon Ridge High School,2026-02,19,0,0
139447,Juniper Canyon Middle School,2026-01,19,0,0
101833,Pinon Ridge High School,2025-08,15,0,1
114511,Juniper Canyon Middle School,2026-01,19,0,0
129861,Pinon Ridge High School,2026-02,19,0,0
137254,Juniper Canyon Middle School,2026-01,19,0,0
105213,Pinon Ridge High School,2025-09,21,0,3
121592,Juniper Canyon Middle School,2025-09,21,1,4
125401,Juniper Canyon Middle School,2025-12,15,2,0
125789,Juniper Canyon Middle School,2026-04,22,0,0
105249,Juniper Canyon Middle School,2026-03,17,0,0
129861,Pinon Ridge High School,2026-01,19,0,3
131809,Juniper Canyon Middle School,2025-08,15,0,0
105646,Pinon Ridge High School,2025-12,15,0,0
108699,Juniper Canyon Middle School,2026-04,22,2,0
132213,Juniper Canyon Middle School,2026-03,17,0,0
133908,Juniper Canyon Middle School,2026-03,17,0,0
139303,Pinon Ridge HS,2025-08,15,0,2
100801,Pinon Ridge High School,2025-11,16,0,0
134353,Pinon Ridge High School,2026-01,19,1,0
105213,Pinon Ridge High School,2026-05,16,2,1
117796,Pinon Ridge High School,2025-12,15,0,0
130392,Pinon Ridge High School,2025-09,21,0,2
138886,Pinon Ridge High School,2025-12,15,0,0
136659,Pinon Ridge High School,2026-03,17,0,1
101677,Pinon Ridge High School,2025-09,21,3,3
130992,Juniper Canyon Middle School,2025-11,16,0,1
123109,Pinon Ridge High School,2025-09,21,0,1
102710,Pinon Ridge High School,2025-08,15,0,0
136558,Pinon Ridge High School,2025-11,16,0,0
126264,Pinon Ridge High School,2026-03,17,1,0
122266,Pinon Ridge High School,2026-05,16,0,1
117119,Juniper Canyon Middle School,2026-01,19,1,1
134281,Pinon Ridge High School,2025-09,21,1,1
101677,Pinon Ridge High School,2025-11,16,1,3
105117,Pinon Ridge High School,2025-08,15,0,1
124333,Juniper Canyon Middle School,2025-08,15,3,0
121328,Juniper Canyon Middle School,2026-05,16,0,0
132220,Pinon Ridge High School,2026-05,16,0,0
100735,Juniper Canyon Middle School,2025-10,22,0,1
108551,Pinon Ridge High School,2026-02,19,0,2
121562,Juniper Canyon Middle School,2025-08,15,0,1
119612,Juniper Canyon Middle School,2025-12,15,0,0
110007,Pinon Ridge High School,2025-09,21,0,0
129404,Pinon Ridge High School,2025-11,16,1,1
119076,Pinon Ridge High School,2025-09,21,2,0
117325,Juniper Canyon Middle School,2026-05,16,3,2
117796,Pinon Ridge HS,2026-04,22,1,1
105646,Pinon Ridge High School,2025-10,22,1,0
118547,Pinon Ridge High School,2026-03,17,1,1
134353,Pinon Ridge High School,2026-02,19,2,0
112905,Juniper Canyon Middle School,2026-03,17,0,0
131010,Pinon Ridge High School,2025-11,16,0,0
134624,Juniper Canyon Middle School,2025-11,16,1,3
132692,Pinon Ridge High School,2026-04,1,0,0
113342,Pinon Ridge High School,2026-04,22,1,3
138102,Pinon Ridge High School,2025-12,15,0,0
120030,Juniper Canyon Middle School,2025-08,15,0,0
105213,Pinon Ridge High School,2025-08,15,3,2
107954,Juniper Canyon Middle School,2026-05,16,0,0
119076,Pinon Ridge High School,2026-03,17,2,2
129861,Pinon Ridge High School,2026-02,19,0,0
105213,Pinon Ridge High School,2025-12,15,1,6
109833,JUNIPER CANYON MIDDLE SCHOOL,2025-09,21,1,1
108466,Pinon Ridge High School,2026-02,19,0,0
126264,Pinon Ridge High School,2026-02,19,0,0
125789,Juniper Canyon Middle School,2025-11,16,0,0
119612,Juniper Canyon Middle School,2026-04,22,1,0
109634,Pinon Ridge High School,2026-01,19,1,0
121592,Juniper Canyon Middle School,2025-10,22,2,3
112905,Juniper Canyon Middle School,2025-09,21,0,0
105827,Juniper Canyon Middle School,2025-08,15,0,0
114511,Juniper Canyon Middle School,2026-05,16,0,1
116879,Pinon Ridge High School,2026-05,16,3,2
117119,Juniper Canyon Middle School,2025-09,21,0,1
105646,Pinon Ridge High School,2025-09,21,0,0
105213,Pinon Ridge High School,2026-02,19,3,3
109634,Pinon Ridge High School,2026-05,16,0,0
104576,Pinon Ridge High School,2026-03,17,0,1
121847,Juniper Canyon Middle School,2025-12,15,0,0
118000,Pinon Ridge High School,2026-01,19,0,0
126653,Juniper Canyon Middle School,2026-03,17,0,2
125525,Pinon Ridge High School,2025-09,21,0,0
109470,Juniper Canyon Middle School,2025-08,15,2,0
105249,Juniper Canyon Middle School,2025-11,16,1,1
132220,Pinon Ridge High School,2026-01,19,0,2
105646,Pinon Ridge High School,2026-04,4,0,0
128613,JUNIPER CANYON MIDDLE SCHOOL,2026-01,19,0,1
126947,Pinon Ridge High School,2025-08,15,0,0
105249,Juniper Canyon Middle School,2026-05,16,0,0
134731,Juniper Canyon Middle School,2026-03,17,0,0
121847,Juniper Canyon Middle School,2026-03,17,1,0
139538,Pinon Ridge HS,2025-10,22,0,0
100431,Pinon Ridge High School,2025-10,22,1,1
116879,Pinon Ridge High School,2026-04,22,2,2
103438,Pinon Ridge High School,2025-08,15,0,0
109578,Juniper Canyon Middle School,2025-08,15,1,0
101625,JUNIPER CANYON MIDDLE SCHOOL,2026-03,17,0,0
104512,Pinon Ridge High School,2025-12,15,0,1
130392,Pinon Ridge High School,2026-02,19,0,0
126947,Pinon Ridge High School,2026-01,19,0,0
138385,Juniper Canyon Middle School,2025-09,21,1,1
101269,Pinon Ridge High School,2026-04,22,1,1
112905,Juniper Canyon Middle School,2025-10,22,0,1
121562,Juniper Canyon Middle School,2026-01,19,1,2
125789,Juniper Canyon Middle School,2025-10,22,0,0
121592,Juniper Canyon Middle School,2026-04,22,3,2
127810,Juniper Canyon MS,2026-03,17,1,1
123872,Juniper Canyon Middle School,2026-04,22,0,0
130260,Pinon Ridge High School,2026-03,17,0,0
123109,Pinon Ridge High School,2025-08,15,0,0
118799,Pinon Ridge High School,2025-10,22,4,0
114927,Pinon Ridge High School,2026-02,19,3,1
106058,Pinon Ridge High School,2025-12,15,1,0
114927,Pinon Ridge High School,2025-08,15,0,0
113371,Juniper Canyon Middle School,2026-05,16,0,0
109984,Pinon Ridge High School,2026-02,19,1,1
134731,Juniper Canyon Middle School,2025-11,16,0,0
119076,Pinon Ridge High School,2026-05,16,0,0
136659,Pinon Ridge High School,2026-04,22,1,0
137772,Pinon Ridge High School,2025-11,16,1,0
129861,Pinon Ridge High School,2025-10,22,0,0
105117,Pinon Ridge High School,2026-02,19,1,0
117505,Pinon Ridge High School,2026-02,19,1,4
135506,Juniper Canyon Middle School,2025-10,21,0,0
127910,Juniper Canyon Middle School,2026-01,19,0,0
129404,Pinon Ridge High School,2026-03,17,0,0
124078,Juniper Canyon Middle School,2026-03,17,2,3
127910,Juniper Canyon Middle School,2026-03,12,0,0
133908,Juniper Canyon Middle School,2026-04,22,0,0
102014,Juniper Canyon Middle School,2025-09,21,0,1
110504,Pinon Ridge High School,2026-02,19,0,0
123109,Pinon Ridge High School,2026-05,16,0,0
123661,Juniper Canyon Middle School,2026-02,19,0,0
116879,Pinon Ridge High School,2025-10,22,2,2
104449,Pinon Ridge High School,2026-02,19,0,2
131306,Pinon Ridge High School,2026-02,19,0,1
121562,Juniper Canyon Middle School,2026-03,17,0,0
100071,Pinon Ridge High School,2025-10,22,1,0
124333,Juniper Canyon Middle School,2025-09,21,3,2
112725,Juniper Canyon Middle School,2026-02,19,1,1
