personID,studentNumber,studentName,birthDate,gender,grade,schoolName,startDate,endDate
18483,122452,"Davis, Mateo",2012-09-25,Male,07,Juniper Canyon Middle School,2025-08-11,2026-02-23
44872,108551,"Mendoza, Ethan",2010-08-09,Male,10,Pinon Ridge High School,2025-08-11,
47857,105117,"Nguyen, Leah",2008-12-27,Female,11,Pinon Ridge High School,2025-08-11,
44168,132220,"Perez, Ethan",2011-08-11,Male,09,Pinon Ridge High School,2025-08-11,
56443,124333,"Green, Josiah",2012-08-26,Male,08,Juniper Canyon Middle School,2025-08-11,
92445,105646,"Gutierrez, Jordan",2010-05-28,Male,10,Pinon Ridge High School,2025-08-11,2026-04-06
51521,129861,"Clark, Noah",2010-01-29,Male,10,Pinon Ridge High School,2025-08-11,
82817,117325,"Romero, Zoe",2011-12-18,Female,08,Juniper Canyon Middle School,2025-08-11,
72447,120030,"Davis, Luis",2013-07-20,Male,07,Juniper Canyon Middle School,2025-08-11,
95711,108838,"Harris, Ximena",2010-11-22,Female,09,Pinon Ridge High School,2025-08-11,
73697,133908,"Hernandez, Jayden",2012-08-28,Male,08,Juniper Canyon Middle School,2025-08-11,
17268,103438,"Davis, Emma",2008-01-20,Female,12,Pinon Ridge High School,2025-08-11,
74914,136558,"Lewis, Isaac",2009-06-18,Male,11,Pinon Ridge High School,2025-08-11,
19886,125382,"Mendoza, Nora",2009-05-29,Female,11,Pinon Ridge High School,2025-08-11,
50866,120042,"Ruiz, Daniel",2012-12-18,Male,07,Juniper Canyon Middle School,2025-09-16,
39421,104075,"Garcia, Chloe",2012-06-22,Female,8,Juniper Canyon Middle School,2025-08-11,
96515,123661,"Green, Liam",2014-04-01,Male,06,Juniper Canyon Middle School,2025-08-11,
47864,116879,"Kim, Olivia",2009-09-07,Female,10,Pinon Ridge High School,2025-08-11,
31838,139447,"Ramirez, Emma",2014-03-19,Female,06,Juniper Canyon Middle School,2025-08-11,
25208,130260,"Walker, Grace",2010-02-14,Female,10,Pinon Ridge High School,2025-08-11,
29058,112905,"Patel, Ryan",2012-01-06,Male,08,Juniper Canyon Middle School,2025-08-28,
16067,114927,"Lopez, Olivia",2008-08-04,Female,12,Pinon Ridge High School,2025-08-11,
12775,105249,"Thomas, Elijah",2013-08-04,Male,07,Juniper Canyon Middle School,2025-08-26,
15708,124078,"Ruiz, Isaac",2014-08-02,Male,06,Juniper Canyon Middle School,2025-08-11,
62294,111491,"Moore, Chloe",2013-03-31,Female,07,Juniper Canyon Middle School,2025-08-11,
63863,126653,"Martin, Grace",2014-07-22,Female,06,Juniper Canyon Middle School,2025-08-11,
85470,114006,"Thomas, James",2008-06-27,Male,12,Pinon Ridge High School,2025-10-06,
62908,125401,"Martin, Chloe",2011-11-10,Female,08,Juniper Canyon Middle School,2025-08-11,
54719,113342,"Davis, Isabella",2009-01-05,Female,11,Pinon Ridge High School,2025-08-11,
44847,137530,"Thompson, Valentina",2008-11-21,Female,11,Pinon Ridge High School,2025-08-11,2026-01-09
92588,126982,"Walker, Emma",2010-06-06,Female,10,Pinon Ridge High School,2025-08-11,
81254,114245,"Sanchez, Harper",2008-11-06,Female,11,Pinon Ridge High School,2025-08-11,2025-11-24
96309,129405,"Wilson, Isaac",2008-11-07,Male,11,Pinon Ridge High School,2025-08-11,
56589,105787,"Allen, Owen",2014-04-10,Male,06,Juniper Canyon Middle School,2025-08-11,
72257,118316,"Lewis, Owen",,Male,06,Juniper Canyon Middle School,2025-08-11,
27524,101677,"Castillo, Benjamin",2008-03-22,Male,12,Pinon Ridge High School,2025-08-11,2026-03-13
68247,100431,"Martinez, Andres",2007-12-12,Male,12,Pinon Ridge High School,2025-08-11,2026-01-07
28880,139707,"Morales, Jasmine",2012-05-01,Female,08,Juniper Canyon Middle School,2025-08-11,2026-04-01
49661,101625,"Scott, Andres",2013-03-01,Male,07,Juniper Canyon Middle School,2025-08-11,
24220,107192,Isaac Kim,2011-04-24,Male,09,Pinon Ridge High School,2025-08-11,
41306,116920,"Martinez, Daniel",2009-09-19,Male,10,Pinon Ridge High School,2025-08-11,
95521,131306,"Ramirez, Tyler",2010-10-31,Male,09,Pinon Ridge High School,2025-08-11,
78374,121394,"Ruiz, Isabella",2011-10-19,Female,08,Juniper Canyon Middle School,2025-08-11,
17550,132692,"Nguyen, Riley",2010-02-17,Female,10,Pinon Ridge High School,2025-08-11,2026-04-01
53821,127810,"Rodriguez, Benjamin",2013-02-12,Male,07,Juniper Canyon Middle School,2025-08-11,
24150,128970,"Martinez, Nora",2008-03-03,Female,12,Pinon Ridge High School,2025-08-11,
35420,123872,"Martinez, Andres",2014-04-02,Male,6,Juniper Canyon Middle School,2025-08-11,
71324,111448,"Green, Ethan",2012-03-20,Male,08,Juniper Canyon Middle School,2025-08-11,
58493,129141,"Ramirez, Zoe",2011-10-16,Female,08,Juniper Canyon Middle School,2025-08-11,
76529,125306,"Perez, Ryan",2013-07-09,Male,07,Juniper Canyon Middle School,2025-08-11,
80784,100735,"Perez, Caleb",2012-09-18,Male,07,Juniper Canyon Middle School,2025-08-11,
65522,101269,"Walker, Owen",2009-08-18,Male,11,Pinon Ridge High School,2025-08-11,
82968,108699,"Rivera, Mateo",2014-02-24,Male,6,Juniper Canyon Middle School,2025-08-11,
46575,102710,"Martinez, Noah",2010-12-13,Male,09,Pinon Ridge High School,2025-08-11,
90629,105827,"Moore, Amara",2013-07-23,Female,07,Juniper Canyon Middle School,2025-08-11,
11580,117119,"Clark, Diego",2014-02-27,Male,06,Juniper Canyon Middle School,2025-08-11,
67677,117505,"Rodriguez, Liam",2010-03-04,Male,10,Pinon Ridge High School,2025-08-11,
81373,104449,"Torres, Elijah",2010-09-12,Male,09,Pinon Ridge High School,2025-08-11,
15597,130043,"Mendoza, Maya",2013-03-21,Female,07,Juniper Canyon Middle School,2025-08-11,
40798,134748,"Gonzalez, Jasmine",2008-01-26,Female,12,Pinon Ridge High School,2025-08-11,2025-11-12
57036,123273,"Jimenez, James",2009-06-09,Male,11,Pinon Ridge High School,2025-08-11,
99512,108466,"Davis, Ryan",2010-05-09,Male,10,Pinon Ridge High School,2025-08-11,
48223,101833,"Kim, Liam",2009-08-28,Male,11,Pinon Ridge High School,2025-08-11,
12620,106564,"Cruz, Noah",2010-10-20,Male,09,Pinon Ridge High School,2025-08-11,
45603,126733,"Castillo, Ryan",2012-09-20,Male,07,Juniper Canyon Middle School,2025-08-11,
10438,130460,"Rivera, Leah",2009-12-11,Female,10,Pinon Ridge High School,2025-08-11,
39376,128694,"Romero, Marcus",2013-04-15,Male,07,Juniper Canyon Middle School,2025-08-11,2025-11-20
42514,115649,"Castillo, Liam",2009-12-06,Male,10,Pinon Ridge High School,2025-08-11,
37662,118547,"Flores, Marcus",2011-08-17,Male,Gr 9,Pinon Ridge High School,2025-08-11,
34437,109470,"Johnson, Harper",2013-11-14,Female,06,Juniper Canyon Middle School,2025-08-11,
30154,119266,"Young, Kai",2009-03-03,Male,11,Pinon Ridge High School,2025-08-11,
38333,110007,"Kim, Layla",2008-12-06,Female,11,Pinon Ridge High School,2025-08-11,
10731,103897,"Flores, Isaac",2010-08-05,Male,10,Pinon Ridge High School,2025-08-11,
17524,128613,"Patel, Layla",2012-12-03,Female,07,Juniper Canyon Middle School,2025-08-11,
30421,115396,"Clark, Mateo",2011-05-06,Male,9,Pinon Ridge High School,2025-08-11,
40149,117796,"Davis, Owen",2008-07-08,Male,12,Pinon Ridge High School,2025-08-11,
11155,107961,"Lewis, Marcus",2013-09-02,Male,06,Juniper Canyon Middle School,2025-09-25,
49192,132314,"Ramirez, Harper",2009-06-09,Female,11,Pinon Ridge High School,2025-08-11,
13622,138337,"Gonzalez, Daniel",2011-09-16,Male,08,Juniper Canyon Middle School,2025-08-11,
66225,110723,"Lopez, Isaac",2012-03-15,Male,08,Juniper Canyon Middle School,2025-08-11,2026-03-09
32929,118000,"Williams, Jordan",2010-02-17,Male,10,Pinon Ridge High School,2025-08-11,
61428,126170,"Cruz, Hannah",2014-01-05,Female,06,Juniper Canyon Middle School,2025-08-11,
73343,122409,"Allen, Grace",,Female,06,Juniper Canyon Middle School,2025-08-11,
87306,135506,"Romero, Daniel",2013-12-05,Male,06,Juniper Canyon Middle School,2025-08-11,2025-10-29
91106,139538,"Vasquez, Layla",2010-06-12,Female,10,Pinon Ridge High School,2025-08-11,
83740,122582,"Vasquez, Emma",2011-03-20,Female,09,Pinon Ridge High School,2025-08-11,
77031,136659,"Gutierrez, Josiah",2008-06-03,Male,12,Pinon Ridge High School,2025-08-11,
36367,104186,"Mendoza, Riley",2014-05-01,Female,06,Juniper Canyon Middle School,2025-08-11,
22944,105213,"White, Isabella",2008-05-25,Female,12,Pinon Ridge High School,2025-08-11,
49542,131208,"Williams, Adrian",2009-12-21,Male,10,Pinon Ridge High School,2025-08-11,
21693,122398,"Martinez, Jasmine",2008-08-07,Female,12,Pinon Ridge High School,2025-08-11,
48190,125234,"Reyes, Aria",2010-06-13,Female,10,Pinon Ridge High School,2025-08-11,2025-12-02
89304,138385,"Morales, Diego",2011-10-30,Male,08,Juniper Canyon Middle School,2025-08-11,
92377,123160,"Vasquez, Riley",2010-12-24,Female,9,Pinon Ridge High School,2025-08-11,
55477,102424,"Thomas, Nora",2012-01-27,Female,Gr 8,Juniper Canyon Middle School,2025-08-11,
16351,114556,"Castillo, Elijah",2008-09-11,Male,11,Pinon Ridge High School,2025-08-11,
65312,113371,"White, Ryan",2013-01-05,Male,07,Juniper Canyon Middle School,2025-08-11,
84667,105953,"Vasquez, Gabriel",2010-03-24,Male,10,Pinon Ridge High School,2025-08-11,
93258,114511,"Romero, Riley",2013-11-15,Female,06,Juniper Canyon Middle School,2025-08-11,
79064,134731,"Baker, Sofia",2011-09-22,Female,8,Juniper Canyon Middle School,2025-08-11,
30085,125993,"Mendoza, Aria",2014-02-21,Female,06,Juniper Canyon Middle School,2025-08-11,
37885,139303,"Davis, Jordan",2009-02-12,Male,11,Pinon Ridge High School,2025-08-11,
85221,107954,"Reyes, Grace",2012-05-18,Female,08,Juniper Canyon Middle School,2025-08-11,
89169,109833,"Romero, Jasmine",2013-08-26,Female,07,Juniper Canyon Middle School,2025-08-11,
33155,119612,"Garcia, Emma",2012-12-19,Female,07,Juniper Canyon Middle School,2025-09-16,
54992,122386,"Thompson, Caleb",2011-10-01,Male,Gr 8,Juniper Canyon Middle School,2025-08-11,
42522,132213,"Martin, Noah",2012-09-28,Male,7,Juniper Canyon Middle School,2025-08-11,
53561,110504,"Harris, Olivia",2008-07-14,Female,12,Pinon Ridge High School,2025-08-11,
42571,137772,"Ruiz, Ava",2008-07-12,Female,12,Pinon Ridge High School,2025-08-11,
92222,100071,"Nguyen, Valentina",2007-12-05,Female,12,Pinon Ridge High School,2025-08-11,
96600,108491,"Kim, Diego",2012-10-22,Male,07,Juniper Canyon Middle School,2025-08-11,
29645,100100,"Johnson, Chloe",2010-04-26,Female,10,Pinon Ridge High School,2025-08-11,
35761,104512,"Thompson, Owen",2008-10-31,Male,11,Pinon Ridge High School,2025-08-11,
82371,130392,"Gutierrez, Caleb",2011-05-06,Male,Gr 9,Pinon Ridge High School,2025-08-11,
41096,109984,"Sanchez, Noah",2011-08-08,Male,09,Pinon Ridge High School,2025-08-11,
25050,106058,"Jimenez, Hannah",2008-08-05,Female,12,Pinon Ridge High School,2025-08-11,
55300,104678,"White, Luis",2014-02-08,Male,06,Juniper Canyon Middle School,2025-08-11,
94052,138886,"Clark, Luis",2011-05-28,Male,Gr 9,Pinon Ridge High School,2025-08-11,2026-02-11
26240,109634,"Vasquez, Ryan",2008-03-10,Male,12,Pinon Ridge High School,2025-08-11,
59236,138102,"Smith, Sofia",2010-07-03,Female,10,Pinon Ridge High School,2025-08-11,
54567,123109,"Moore, Mateo",2009-06-24,Male,11,Pinon Ridge High School,2025-08-11,
76024,129404,"Allen, Elijah",2008-09-01,Male,11,Pinon Ridge High School,2025-08-11,
34134,126264,"Flores, Amara",2008-11-11,Female,11,Pinon Ridge High School,2025-08-11,
78042,109578,"Smith, Isabella",2014-03-07,Female,6,Juniper Canyon Middle School,2025-08-11,
18390,139352,"White, Jordan",2009-10-03,Male,10,Pinon Ridge High School,2025-08-11,
77234,102014,"Baker, Ryan",2012-10-14,Male,07,Juniper Canyon Middle School,2025-08-11,
47748,101386,"Castillo, Naomi",2008-02-19,Female,12,Pinon Ridge High School,2025-08-11,
58939,121328,"Gonzalez, Josiah",2014-02-14,Male,Gr 6,Juniper Canyon Middle School,2025-09-04,
89045,119076,"Patel, Josiah",2011-04-06,Male,09,Pinon Ridge High School,2025-08-11,
26039,116494,"Flores, Amara",2012-03-06,Female,08,Juniper Canyon Middle School,2025-08-11,
23573,125539,"Moore, Liam",2011-07-07,Male,09,Pinon Ridge High School,2025-08-11,
84552,134624,"Kim, Hannah",2012-12-11,Female,07,Juniper Canyon Middle School,2025-08-11,
94155,112725,"Johnson, Jasmine",2013-11-29,Female,06,Juniper Canyon Middle School,2025-08-11,
91133,137254,"Mendoza, Jasmine",2014-02-16,Female,06,Juniper Canyon Middle School,2025-08-11,
20035,131010,"Romero, Marcus",2010-09-11,Male,09,Pinon Ridge High School,2025-08-11,
59291,121562,"Clark, Benjamin",2012-11-03,Male,07,Juniper Canyon Middle School,2025-08-11,
85384,100801,"Ramirez, Mia",2010-11-16,Female,9,Pinon Ridge High School,2025-08-11,
46808,133725,"Brown, Naomi",2012-12-31,Female,07,Juniper Canyon Middle School,2025-08-11,
78874,134179,"Romero, Kai",2010-05-04,Male,10,Pinon Ridge High School,2025-08-11,
76087,130762,"Rodriguez, Santiago",2013-03-16,Male,07,Juniper Canyon Middle School,2025-08-11,2025-12-02
71783,134353,"Chavez, Riley",2007-09-28,Female,12,Pinon Ridge High School,2025-08-11,
18472,126709,"Green, Zoe",2009-08-13,Female,11,Pinon Ridge High School,2025-09-12,
66430,126480,"Davis, Luis",2008-11-25,Male,11,Pinon Ridge High School,2025-08-11,
43033,131512,"Gutierrez, Naomi",2011-01-15,Female,9,Pinon Ridge High School,2025-08-11,
50116,118799,"Rodriguez, Chloe",2007-12-06,Female,12,Pinon Ridge High School,2025-08-11,
20763,100926,"Johnson, Chloe",2009-09-22,Female,10,Pinon Ridge High School,2025-08-11,
55983,104576,"Green, Jasmine",2010-06-29,Female,10,Pinon Ridge High School,2025-08-11,
91735,136261,"Romero, Santiago",2008-06-01,Male,12,Pinon Ridge High School,2025-08-11,
79994,130992,"Baker, Adrian",2014-05-22,Male,06,Juniper Canyon Middle School,2025-08-11,
32294,131809,"Baker, Lucas",2012-08-30,Male,08,Juniper Canyon Middle School,2025-08-11,
25594,121592,Nora White,2014-06-29,Female,06,Juniper Canyon Middle School,2025-08-11,
51098,121847,"Wilson, Grace",2014-05-30,Female,06,Juniper Canyon Middle School,2025-08-11,
46969,126947,"Thomas, Ava",2009-12-29,Female,10,Pinon Ridge High School,2025-08-11,
70125,127910,"Mendoza, Kai",2013-07-09,Male,07,Juniper Canyon Middle School,2025-08-11,2026-03-17
23518,119417,"Chavez, Camila",2012-11-21,Female,07,Juniper Canyon Middle School,2025-10-23,
67544,129782,"Martinez, Sofia",2009-08-11,Female,11,Pinon Ridge High School,2025-08-11,
20910,125789,"Patel, Mateo",2013-03-17,Male,07,Juniper Canyon Middle School,2025-08-11,
92527,122266,Jordan Rodriguez,2010-09-20,Male,9,Pinon Ridge High School,2025-08-11,
12810,125525,"Mendoza, Olivia",2008-01-24,Female,12,Pinon Ridge High School,2025-08-11,
76877,134281,"Thomas, Adrian",2010-06-24,Male,10,Pinon Ridge High School,2025-08-11,
